artista,cancion,album,año,spotify_id,popularidad
Arde Bogotá,Sin Vergüenza,Sin Vergüenza,2022,0mJ2qmDI2X4wrSIIBrvvpN,63
ELYELLA,Que nada nos pare (lo más importante),Que nada nos pare (lo más importante),2022,1FG7ZjnuT0O9CsDKOxND0E,61
Arde Bogotá,Antiaéreo,Antiaéreo,2020,15tDDogDQ8kOcs5b6G2bN5,61
Viva Suecia,El Bien,El Amor De La Clase Que Sea,2022,6IuZFiKCeyQINqL0Id3xF2,61
Leiva,Como Si Fueras a Morir Mañana,Nuclear,2019,4aAfLSx9IthpC3Pw5pNk3E,60
Arde Bogotá,Exoplaneta,LA NOCHE,2021,68PEuXNjodWFts3Ph4BPVv,60
Melendi,Destino o casualidad,Destino o casualidad,2018,2sMxswHr9wX7kTUHULvJBJ,71
Oques Grasses,La Gent Que Estimo,A Tope amb la Vida,2021,2aTvlIMGoo2L9x5YzJNjj5,59
David Bisbal,A Partir De Hoy,En Tus Planes,2020,3Z7JMhKrVBiMvMd0xV1vyI,66
Arde Bogotá,Virtud y Castigo,El Tiempo y la Actitud,2020,2srHBWxK0igCV4kr5M9CNb,57
MARLENA,Gitana,Gitana,2021,1voueLCs7g2cD8NLHg1Iz7,58
Viva Suecia,No Hemos Aprendido Nada,El Amor De La Clase Que Sea,2022,23EYaP0VXowC6oT9DiY3QR,57
Carolina Durante,Perdona (Ahora Sí Que Sí),Perdona (Ahora Sí Que Sí),2018,1AODZVWUeYlsKoFTo2iyEA,56
Arde Bogotá,Abajo,LA NOCHE,2021,45ucex4am8ru040h5mhxuo,56
David Bisbal,Si Tú La Quieres,En Tus Planes,2020,5agt9CgF8dTRXgNtn1zflm,61
Elton John,Cold Heart - PNAU Remix,Cold Heart (PNAU Remix),2021,6zSpb8dQRaw0M1dK8PBwQz,79
Viva Suecia,Lo Que Te Mereces,El Milagro,2019,1m64wK0vr8OaviUWuIfncH,55
La Oreja de Van Gogh,Blanca Navidad,Blanca Navidad,2021,460i7EzVcjlmNM7fy2N8gk,62
Elton John,Cold Heart - PNAU Remix,The Lockdown Sessions,2021,6JIC3hbC28JZKZ8AlAqX8h,78
Imagine Dragons,Enemy (with JID) - from the series Arcane League of Legends,Mercury - Acts 1 & 2,2022,3CIyK1V4JEJkg02E4EJnDl,80
Viva Suecia,Lo Siento,El Amor De La Clase Que Sea,2022,6RM3IZHeEwhvTXxfquDbZN,55
Imagine Dragons,Bones,Mercury - Acts 1 & 2,2022,54ipXppHLA8U4yqpOFTUhr,80
Arde Bogotá,El Beso,LA NOCHE,2021,325R4okpFnhCZ8guXOH0Ah,55
IZAL,Pausa,Autoterapia,2018,2xVrFCODKe7cGjc8nkOINq,56
Oques Grasses,Elefants,A Tope amb la Vida,2021,7aMxgxCCbkmtRpNNB5OWgY,55
Melendi,Déjala Que Baile (with Alejandro Sanz & Arkano),Ahora,2018,2KK9N6iBAisA0booTu3bGd,61
Jarabe De Palo,Eso Que Tú Me Das,Tragas o Escupes,2020,40tFJtuES1da2fg0OurUdI,58
The Ronettes,Sleigh Ride,Sleigh Ride,2020,7fUYUcWy853HS8YJn0b3Sr,77
Paula Mattheus,Viaje Sin Vuelta,Viaje Sin Vuelta,2021,0Wb8sPg5hVeroHV6n1oY9F,54
Imagine Dragons,Natural,Origins (Deluxe),2018,2FY7b99s15jUprqC0M5NCT,78
Glass Animals,Heat Waves,Dreamland,2020,3USxtqRwSYz57Ewm6wWRMp,84
Viva Suecia,Justo Cuando El Mundo Apriete,El Amor De La Clase Que Sea,2022,1C2aofmIOndmXAtrHeJ3YC,54
Måneskin,I WANNA BE YOUR SLAVE,Teatro d'ira - Vol. I,2021,4pt5fDVTg5GhEvEtlz9dKk,80
El Barrio,El Danzar De Las Mariposas,El Danzar De Las Mariposas,2019,5vTNflh8i8j3w6sMnsh3Gh,53
Guitarricadelafuente,Guantanamera,Guantanamera,2018,6rlI9zMChJzIv5u0iSBO4l,56
Shinova,La sonrisa intacta,La buena suerte,2021,52Pxn490S6sTjhXgyfeSbk,53
Leiva,No Te Preocupes por Mi,Nuclear,2019,7hv7synVPhVu30Ex2amJQc,54
Shinova,Te debo una canción,La buena suerte,2021,6E4Z9YuZz9VA7NxXxshXQx,53
Oques Grasses,Serem Ocells,Fans del Sol,2019,1OhTU9Vr08VrEAa0kJ98u8,53
Imagine Dragons,Bad Liar,Origins (Deluxe),2018,2RSHsoi04658QL5xgQVov3,78
El Barrio,Agua Fresca,El Danzar De Las Mariposas,2019,4JTottjkYpJgPmhYlU052o,52
The Neighbourhood,Softcore,Hard To Imagine The Neighbourhood Ever Changing,2018,2K7xn816oNHJZ0aVqdQsha,84
OneRepublic,I Ain't Worried,"I Ain’t Worried (Music From The Motion Picture ""Top Gun: Maverick"")",2022,4h9wh7iOZ0GGn8QVp4RAOB,79
Viva Suecia,Amar el Conflicto (todo Lo Que Importa),Amar el Conflicto (todo Lo Que Importa),2018,69WmxTgi8QNP45mKobRDpq,52
Arde Bogotá,Te Van a Hacer Cambiar,El Tiempo y la Actitud,2020,1kvXQ1fSFLdlvjVkepXlFJ,51
Arde Bogotá,Millennial,LA NOCHE,2021,7JQT8PH2xysd0MXWNyIfNd,51
The Neighbourhood,Reflections,Hard To Imagine The Neighbourhood Ever Changing,2018,2xql0pid3EUwW38AsywxhV,83
Viva Suecia,Te Prometo,El Milagro,2019,2XV9XNZ62qzu49Mpzh3nqb,51
Imagine Dragons,Enemy (with JID) - from the series Arcane League of Legends,Enemy (with JID) [from the series Arcane League of Legends],2021,1r9xUipOqoNwggBpENDsvJ,76
Dani Martín,Dieciocho,Dieciocho,2018,3nN5n70vM1tAMWBDZaRbxS,51
Guitarricadelafuente,Conticinio,Conticinio,2020,0GqylPxaT9i7pg6Kk0w8tm,55
David Bisbal,Si Tú La Quieres,Si Tú La Quieres,2020,35qwAQ3oZeKAMhR3hCV9IM,55
Miguel Campello,Me Quedo Contigo,Con Todos Mis Respetos,2021,5D0JfdpGhV0zLQicft0rE2,52
Melendi,La Boca Junta,Likes y Cicatrices,2021,0rFD2VyCIu2ToXbkvlsKJv,56
IZAL,El Pozo,Autoterapia,2018,23mLKL6hhER8DHc6PBIRE2,51
Buhos,Volcans,La Gran Vida,2018,6kp5vm0qtmsG6YTLaWcsoo,50
La Maravillosa Orquesta del Alcohol,Miraflores,Nuevo Cancionero Burgalés,2021,78CC6Od9HAoF0wy16X3gzr,50
Oques Grasses,In The Night,Fans del Sol,2019,4dG8lkQSrRdiQe89ZXx0sT,50
El Barrio,Curandero,Atemporal,2022,4QZccg6eDShz5MIS0vj0Q1,50
Guitarricadelafuente,Abc,Abc,2019,635hgofIxCYGZmZaq92bK2,52
Arde Bogotá,Quiero Casarme Contigo,Quiero Casarme Contigo,2020,6GGAFbhP3EPEoB962gXHH6,50
Arde Bogotá,Tan Alto Como Tus Dudas,LA NOCHE,2021,7e9xg44WcBozcJYlfJY9QY,50
ZOO,Tobogan,Llepolies,2021,4VTUvh41TeBWemxxBHGxOV,50
Paula Mattheus,La Hipoteca,Mi Concierto En El Balcón,2022,6EDwVHFSYHHKth0GgFFd2p,50
Comandante Twin,La Isla del Deseo,Sangrar a Borbotones,2021,2SQMJ3ht2GGQwHwm9q9dfa,50
Viva Suecia,El Bien,El Bien,2022,2y7b6A4hhl3ysYlU2kztGD,49
Oques Grasses,Torno a Ser Jo,Fans del Sol,2019,1x01aWidnuAXwmumSnuRwL,49
La Pegatina,Y volar (con los Caligaris),Ahora o nunca,2018,0vabIwEiZDGml2CyVmGNBX,52
ELYELLA,Todo Lo Que Importa,Todo Lo Que Importa,2018,46zO1Ym5n5R0bcizsOk02v,49
Veintiuno,La vida moderna (feat. Love of Lesbian),La vida moderna (feat. Love of Lesbian),2022,67oh7LlJZOzQiZ7mM2GtRm,49
Vetusta Morla,Finisterre,Cable a Tierra,2021,5FhTo7yj2umChnDdqch8oG,50
Fito y Fitipaldis,Cielo hermético,Cada vez cadáver,2021,2O82EzPmpQZfWO0hfTHOJL,49
Carolina Durante,Las Canciones De Juanita,Carolina Durante,2019,2jlNuMHyRRVygPTyd2Clau,49
Los Secretos,Pero a tu lado 2020,Pero a tu lado 2020,2020,6N8AtnRA7Rx0svrgZtafn3,49
El Barrio,El Licenciao,Atemporal,2022,1Xu2nkrg3bmKxiEVLqjqJL,48
Queen,I Want To Break Free,Bohemian Rhapsody (The Original Soundtrack),2018,7iAqvWLgZzXvH38lA06QZg,69
Oques Grasses,Sta Guai,Fans del Sol,2019,60pwtohz88VHEpAXtTGgYq,48
El Barrio,A Veces,Atemporal,2022,2SuJHXaYVHLIa2HCR5vIRJ,48
Taburete,Roto y Elegante,Matadero 5,2022,4R93vEvbVvzWjq9C6ZNHUR,49
IZAL,La Increíble Historia del Hombre Que Podía Volar Pero No Sabía Cómo,Autoterapia,2018,47nn8l14VASnhqtV33XGgs,49
Ghost,Mary On A Cross,Seven Inches of Satanic Panic,2019,2wBnZdVWa5jVpvYRfGU7rP,76
Oques Grasses,Petar-ho,A Tope amb la Vida,2021,6uA2ws8LIx8zUMEsBwEWAA,48
The Strokes,The Adults Are Talking,The New Abnormal,2020,5ruzrDWcT0vuJIOMW7gMnW,77
Royel Otis,Oysters In My Pocket,Oysters In My Pocket,2022,2B664ulJSVBd6B8SAY3Wux,77
Dani Martín,Cómo Me Gustaría Contarte,Lo Que Me Dé la Gana,2020,21AH6D2xxBxjduEbZHh7i5,48
Tame Impala,Borderline,The Slow Rush,2020,5hM5arv9KDbCHS0k9uqwjr,79
Guitarricadelafuente,Agua y Mezcal,Agua y Mezcal,2019,0BYdY7wCvtzcsBSoqtp3QE,51
Viva Suecia,Días Amables,El Milagro,2019,3ta3AQq6Za2Ku7WlW35H7Z,48
Leiva,Superpoderes,Nuclear,2019,3by1RwAsoZ6nNoMOCy11LM,48
The Neighbourhood,You Get Me So High,Hard To Imagine The Neighbourhood Ever Changing,2018,7zwn1eykZtZ5LODrf7c0tS,81
Miguel Campello,La Quiero a Morir,Con Todos Mis Respetos,2021,78sSlHHLTGwIZKEOr0YG6l,48
Imagine Dragons,Bones,Bones,2022,0HqZX76SFLDz2aW8aiqi7G,74
MARLENA,Me Sabe Mal,Me Sabe Mal,2021,53w7xjn8fwwU8Pc6rgMm5v,48
Maná,Rayando el Sol (feat. Pablo Alborán),Rayando El Sol (feat. Pablo Alborán),2019,3uKdu7AtigAJ8GgTu0yJTe,62
Oques Grasses,De Bonesh,A Tope amb la Vida,2021,5ObiVsgtKaynGBIVwjzhGb,47
Vanesa Martín,Inventas,Todas las mujeres que habitan en mí,2018,48eeeHvDzNvtJiQh5XDs2N,49
Depeche Mode,Enjoy the Silence,"Violator | The 12"" Singles",2022,0yp3TvJNlG50Q4tAHWNCRm,74
La Oreja de Van Gogh,Durante una Mirada,Un Susurro en la Tormenta,2020,4tqBQD2QG0IYLU08rpkU6X,53
Queen,Bohemian Rhapsody,Bohemian Rhapsody (The Original Soundtrack),2018,3z8h0TU7ReDPLIbEnYhWZb,71
Måneskin,ZITTI E BUONI,Teatro d'ira - Vol. I,2021,776AftMmFFAWUIEAb3lHhw,70
OneRepublic,Run,Human (Deluxe),2021,6KL88T4Ma4ABXqzgUoEwkd,73
Sting,What Could Have Been (from the series Arcane League of Legends),Arcane League of Legends (Soundtrack from the Animated Series),2021,6YB9jhzVEzw8CKeXD7Vx8j,71
Måneskin,CORALINE,Teatro d'ira - Vol. I,2021,7HMz8o0m7ASQ3ImFPfhWTY,67
Imagine Dragons,Follow You,Mercury - Acts 1 & 2,2022,0LtkAAEpEp1lkLX1ZvjHZb,68
Imagine Dragons,Enemy - From the series Arcane League of Legends,Enemy (from the series Arcane League of Legends),2021,5UlnuulVAVmmesw4VzqHdG,70
MGMT,Little Dark Age,Little Dark Age,2018,2Y0iGXY6m6immVb2ktbseM,75
Rammstein,Deutschland,Rammstein,2019,2bPGTMB5sFfFYQ2YvSmup0,73
House Of Pain,Jump Around - 30 Years Remaster,House of Pain (Fine Malt Lyrics) [30 Years] [Deluxe Edition],2022,7L93GESzq43UkKUt5FsOCq,74
Elton John,Hold Me Closer,Hold Me Closer,2022,72yP0DUlWPyH8P7IoxskwN,70
Robbie Williams,Merry Xmas Everybody (feat. Jamie Cullum),The Christmas Present (Deluxe),2019,5mQvFCSzGQijKJMYhQ5ig0,64
Imagine Dragons,Birds,Origins (Deluxe),2018,6Tvzf3VEi16JMhAgOwdt2y,68
Måneskin,L'altra dimensione,Il ballo della vita,2018,36ONZ2CvV8KsLPapNPGTqa,65
Bring Me The Horizon,Kingslayer (feat. BABYMETAL),POST HUMAN: SURVIVAL HORROR,2020,7CAbF0By0Fpnbiu6Xn5ZF7,73
Imagine Dragons,Wrecked,Mercury - Acts 1 & 2,2022,6TEftSkmWdTm1EpThnwqh6,68
Eve,Kaikai Kitan,Kaikai Kitan / Ao No Waltz,2020,6y4GYuZszeXNOXuBFsJlos,71
The 1975,About You,Being Funny In A Foreign Language,2022,1fDFHXcykq4iw8Gg7s5hG9,82
Bishop Briggs,River,Church Of Scars,2018,3mRLHiSHYtC8Hk7bzZdUs1,73
Bee Gees,Stayin Alive,How Can You Mend A Broken Heart,2020,5ubvP9oKmxLUVq506fgLhk,70
Everybody Loves an Outlaw,I See Red,I See Red,2018,5MAK1nd8R6PWnle1Q1WJvh,72
Mother Mother,Hayloft II,Inside (Deluxe),2022,0kYMwaQWABTkFff8AZjmYI,73
Kool & The Gang,Cherish - Single Version,Collected,2018,2yCAGizViD7HZXwNYxJToQ,65
Freddie Mercury,Living On My Own - No More Brothers Radio Mix,Never Boring,2019,2VCB1IOc2oLUkat0YCkTZ6,63
Dayglow,Can I Call You Tonight?,Fuzzybrain,2019,61OJxhoY3Ix50rYVKo8zRK,73
Phil Collins,"You'll Be In My Heart - From ""Tarzan""/Soundtrack Version",Disney Summer Songs,2021,1fTDYdx5zYfWJSX0JlKO8o,67
Ozzy Osbourne,Crazy Train,Blizzard Of Ozz (40th Anniversary Expanded Edition),2020,7ACxUo21jtTHzy7ZEV56vU,74
El Kanka,Por Tu Olor,El Arte de Saltar,2018,69gBnFLDtc2lub6xL0sfi9,53
Juanes,Bonita,Más Futuro Que Pasado,2019,3ewwb5s3WHYqEdkBnwKlTS,58
The Black Keys,Howlin' for You,Brothers (Deluxe Remastered Anniversary Edition),2020,4yffABDkB5A9flvr9vQFck,64
Måneskin,THE LONELIEST,THE LONELIEST,2022,1Ame8XTX6QHY0l0ahqUhgv,67
Måneskin,Torna a casa,Il ballo della vita,2018,3590AAEoqH50z4UmhMIY85,62
LiSA,紅蓮華,LEO-NiNE,2020,0qMip0B2D4ePEjBJvAtYre,71
Twenty One Pilots,Chlorine,Trench,2018,23OXdR7YuUBVWh5hSnYJau,73
Imagine Dragons,Lonely,Mercury - Acts 1 & 2,2022,1VMBapbhHidf6ALFszT7w1,65
Queen,I Want It All - Single Version,The Miracle (Collector's Edition),2022,1gBNoqhVLbIMuBQmXKmyLj,62
Brett Eldredge,It's the Most Wonderful Time of the Year,Mr. Christmas,2021,1j51n0VAlLbbHWLHDAX2Ts,67
grandson,Blood // Water,Blood // Water,2018,0AUyNF6iFxMNQsNx2nhtrw,69
Elton John,Hold Me Closer,The Lockdown Sessions,2021,5TJEBoTCDbJXiKMdCN9pd3,64
Wham!,Last Christmas,George Michael & Wham! Last Christmas: The Original Motion Picture Soundtrack,2019,38p8YDx5gepOiK4SnEfoB4,71
Imagine Dragons,"Zero - From the Original Motion Picture ""Ralph Breaks The Internet""",Origins (Deluxe),2018,2bzitsPcImYC6DZWvvLCQi,65
OneRepublic,Rescue Me,Human (Deluxe),2021,37LNNQNbL1YLyutBG6aWRx,68
Kodaline,Brother,Politics of Living,2018,65gLJGey4u4KFFqoC5fzFJ,69
OneRepublic,Sunshine,Sunshine,2021,5r43qanLhUCdBj8HN3fa6B,68
Robbie Williams,Let It Snow! Let It Snow! Let It Snow!,The Christmas Present (Deluxe),2019,6G2nMAKHjYpIweohc2qhwI,55
Rammstein,Ausländer,Rammstein,2019,7j43FohbLVulScL7S9sQZk,67
Måneskin,Morirò da Re,Il ballo della vita,2018,1aX0Ki80LFzzhqxqRlqbAV,62
Yeah Yeah Yeahs,Heads Will Roll - A-Trak Remix Radio Edit,Good Morning Music: Wake Up Workout,2019,5qGIfWDRdyO67LCTqA2sEn,67
Måneskin,SUPERMODEL,SUPERMODEL,2022,63WuQOXohQIxOxIFA2K7bR,64
Brett Eldredge,A Holly Jolly Christmas,Glow (Deluxe Edition),2018,1GpPsjjd4D1jsteGYpGGIN,66
Queen,The Show Must Go On,Bohemian Rhapsody (The Original Soundtrack),2018,5WZDLZVCvY1rEyNir6k8Pg,60
Procol Harum,A Whiter Shade of Pale - Original Single Version,Hits'n'Flips,2019,7DsQgIwg23u9gooCxkRTu3,65
The Strokes,Selfless,The New Abnormal,2020,2t0wwvR15fc3K1ey8OiOaN,67
Queen,Somebody To Love,Bohemian Rhapsody (The Original Soundtrack),2018,5txoZyuAmtCfmDjUCEphWm,61
Slipknot,Unsainted,We Are Not Your Kind,2019,5mpUKTdskZea0gStWzeHUZ,70
The Neighbourhood,Pretty Boy,Chip Chrome & The Mono-Tones,2020,7IL8PSVwLOJxqYne6azxQv,74
Brenda Lee,Rockin' Around the Christmas Tree - Re-Recorded Version,100 Greatest Christmas Songs Ever,2022,27jhnberlYbjEgL3oFL4BA,64
Ghost,Dance Macabre,Prequelle,2018,4pIKFpwflOdhYNIRmPTj3E,61
Maná,Te Lloré Un Río,Te Lloré Un Río,2022,6uYtv0KmSNBGFfaY7yW8tY,64
The Neighbourhood,Nervous,Hard To Imagine The Neighbourhood Ever Changing,2018,113xf7t4qNM7038YJvauik,71
Los Fabulosos Cadillacs,Matador - Remasterizado 2008,Obras Cumbres,2021,4bMZ60QNM6OEehI6b8RtS4,64
Måneskin,MAMMAMIA,MAMMAMIA,2021,78SCmQ8A7KQSMdkem2SwBP,62
Maná,Mariposa Traicionera,Mariposa Traicionera,2021,5YPyuMfaK6GjdFfRaryJak,61
No Te Va Gustar,Chau,Otras Canciones,2019,3uP1USIwwDpOA8uw0LjY2P,65
The Strokes,Ode To The Mets,The New Abnormal,2020,1BLOVHYYlH4JUHQGcpt75R,66
Rammstein,Radio,Rammstein,2019,5vZ4IeUenK2cHub2d7yfWk,66
Bryan Adams,Christmas Time,Christmas EP,2019,7LoFMtL7hxP9tr5HYyyUrJ,69
OneRepublic,Run,Run,2021,2UbVnbE5FH6008mAm6Mmgw,66
RAT BOY,Who's Ready for Tomorrow,"Cyberpunk 2077: Radio, Vol. 2 (Original Soundtrack)",2020,4mn5HdatHKN7iFGDes9G8i,66
Queen,Killer Queen,Bohemian Rhapsody (The Original Soundtrack),2018,300YN8ebGB90nDuzgz0f3O,62
Fog Lake,Almost Fantasy,Almost Fantasy,2018,7remWdQdxAjzfY269DlFgy,68
Hozier,Would That I,"Wasteland, Baby!",2019,0L3oQdYUvVbsOOPJSkZ3C3,67
Duran Duran,INVISIBLE,FUTURE PAST,2021,51EpFns3CG9taCMQz6XDom,67
Wet Leg,Wet Dream,Wet Leg,2022,260Ub1Yuj4CobdISTOBvM9,65
Imagine Dragons,My Life,Mercury - Acts 1 & 2,2022,0E0kxko3i9b5JxxMoGH3At,60
The Black Keys,Wild Child,Dropout Boogie,2022,02bJ6uGeHKfNOhIc9qyA8e,64
Lenny Kravitz,Low,Raise Vibration,2018,3zcccQe4KhGXRqRBUwGU3G,62
Air Supply,Making Love Out of Nothing at All,All Out Of Love,2018,01MXkFA8sL7at6txavDErt,70
Måneskin,FOR YOUR LOVE,Teatro d'ira - Vol. I,2021,3ZeyEvTgSlKajHc0fckgZT,61
Manchester Orchestra,The Gold - Phoebe Bridgers Version,The Gold (Phoebe Bridgers Version),2018,7qcXUzPwoxSBFxjTbNrV0B,71
Bring Me The Horizon,1x1 (feat. Nova Twins),POST HUMAN: SURVIVAL HORROR,2020,6sIbv1oWOuma2qV907MUbk,65
Chris Rea,Driving Home for Christmas,100 Greatest Christmas Songs Ever,2022,7sb0kqzLtURMFWbQDX4BZ4,64
Twenty One Pilots,My Blood,Trench,2018,5HeKOKc4phmLn8e4I7EkzD,66
Tame Impala,Is It True,The Slow Rush,2020,6RZmhpvukfyeSURhf4kZ0d,68
Robbie Williams,Christmas (Baby Please Come Home) (feat. Bryan Adams),The Christmas Present (Deluxe),2019,5MrUeMnwotFhQCLlb2qEZK,56
Rawayana,Sin Ti (feat. La Vida Bohème),Sin Ti (feat. La Vida Bohème),2018,6vLZeNQlHhvJyiUBEzlUQB,61
Mrs. GREEN APPLE,インフェルノ,Attitude,2019,2vOAHp8PBBFYqvQUWSoITY,72
Rammstein,Dicke Titten,Zeit,2022,5KTBaWu8IOczQ0sPWzZ7MY,65
Slipknot,Nero Forte,We Are Not Your Kind,2019,56fiFTRrSiHHH3gBeaTg2P,67
RADWIMPS,Suzume,Suzume (Motion Picture Soundtrack),2022,1n1y2kFPISpF9WGD3JaFo5,66
Imagine Dragons,Symphony,Mercury - Acts 1 & 2,2022,2ThaHV10xrAcL2WfqXyLnp,61
Brett Eldredge,Feels Like Christmas,Mr. Christmas,2021,4ZUUqe1s7focZ76T7b3x9P,65
Måneskin,VENT'ANNI,Teatro d'ira - Vol. I,2021,6Vfo6O3hk38vDcSpazNo3p,58
Hozier,Almost (Sweet Music),"Wasteland, Baby!",2019,7uttm8Iurm5uK67Vr9G2Sp,66
No Te Va Gustar,De Nada Sirve,Otras Canciones,2019,2CFDPiNUxcSOqfQtUHYNxF,61
Lauren Daigle,You Say,Look Up Child,2018,6Up545NUflOiXo8cEraH49,71
Bacilos,Perderme Contigo,¿Dónde Nos Quedamos?,2018,7mHFWWfVlhqGjeIQ5qt9i2,61
We Came As Romans,Black Hole,Darkbloom,2022,1g5Jqwo02PuitYfv19B6Jn,66
U2,Christmas (Baby Please Come Home),I Believe In Father Christmas EP,2021,2wIOEh6QNccqsHYEPZTrRP,65
Tame Impala,One More Hour,The Slow Rush,2020,0mO6oS60RST2sWmN2FKknP,70
LOUTA,QUEREME,QUEREME,2022,0bhWW1Bve1Ng6kEm8WjiQA,59
The Pogues,Fairytale of New York - Edit,100 Greatest Christmas Songs Ever,2022,4MsLmDuHHagdrcfA4S1Cmx,61
We Came As Romans,Black Hole,Darkbloom,2022,1g5Jqwo02PuitYfv19B6Jn,66
U2,Christmas (Baby Please Come Home),I Believe In Father Christmas EP,2021,2wIOEh6QNccqsHYEPZTrRP,65
Tame Impala,One More Hour,The Slow Rush,2020,0mO6oS60RST2sWmN2FKknP,70
LOUTA,QUEREME,QUEREME,2022,0bhWW1Bve1Ng6kEm8WjiQA,59
The Pogues,Fairytale of New York - Edit,100 Greatest Christmas Songs Ever,2022,4MsLmDuHHagdrcfA4S1Cmx,61
Tom Petty,Runnin' Down A Dream,The Best Of Everything - The Definitive Career Spanning Hits Collection 1976-2016,2019,5yAu4njFSdM47dfsTkQPZ2,67
Bee Gees,More Than A Woman,How Can You Mend A Broken Heart,2020,2cX2coZS1PYBfPs8wgbdWE,66
Måneskin,Fear for Nobody,Il ballo della vita,2018,7t3fuKd5h73oppjIgkxZ25,59
Brenda Lee,I'm Gonna Lasso Santa Claus,Classic Years,2019,0YFP835o6oPwwXNVj0LiRP,59
Aimer,残響散歌,残響散歌,2021,7v8wKvNQQIxkugCFFjrkaO,65
Imagine Dragons,Waves,Mercury - Acts 1 & 2,2022,0YbFEoJi7Esa7lhIrEpBjl,60
Fontaines D.C.,I Love You,Skinty Fia,2022,4N8idxy0W2GDaEosAwPOMg,67
Mrs. GREEN APPLE,インフェルノ,インフェルノ,2019,64yajM6CxtLghmgB53VeXT,66
Queen,Under Pressure,Bohemian Rhapsody (The Original Soundtrack),2018,6suU8oBlW4O2pg88tOXgHo,59
PUBLIC,Make You Mine,Make You Mine,2019,5iFwAOB2TFkPJk8sMlxP8g,70
ChocQuibTown,Pa Olvidarte (feat. Manuel Turizo) - Remix,Pa Olvidarte (feat. Manuel Turizo) [Remix],2019,2ktoFujjJtantyMoVdBJlX,55
Twenty One Pilots,Nico and the Niners,Trench,2018,5SehvGGC53A7SZKCLXQcyt,65
Vance Joy,Saturday Sun,Nation of Two,2018,2RiBogNRfulkNf7fVbPOrJ,66
Anıl Emre Daldal,M.,M.,2020,6wfb4nI2Vih263JqC8WSoW,70
Rammstein,Armee der Tristen,Zeit,2022,514GW1c9Jn21KgZmO6mZIE,63
YUNGBLUD,parents,weird!,2020,5v4OkFH0TJ6W1hCFxyn0px,65
Måneskin,Le parole lontane,Il ballo della vita,2018,1ABG6ke9SdUK9YayVafbcX,57
Ghost,Mary On A Cross,[MESSAGE FROM THE CLERGY],2022,7wdwIaXUuzlu1grzWMFRJm,63
Brett Eldredge,"Baby, It's Cold Outside",100 Greatest Christmas Songs Ever,2022,19Cf3CqOcfhxfuP9yGUYoK,61
Rammstein,Angst,Zeit,2022,0UuNO0yYvsMPlyLF7RfQlg,63
Bring Me The Horizon,Parasite Eve,POST HUMAN: SURVIVAL HORROR,2020,36xBFaVGjqm7le8CTHytUj,65
Bring Me The Horizon,Teardrops,POST HUMAN: SURVIVAL HORROR,2020,3WATWS2Ywo5HeHtG0bE2iZ,65
Arrested Youth,The Kid I Used to Know,Sobville (Episode I),2019,4AXAS26dUVTnCnubySfkbv,64
The Strokes,Why Are Sundays So Depressing,The New Abnormal,2020,1aOxOpH4AkGAd8OMrKjyNY,62
Fleet Foxes,Mykonos,First Collection: 2006-2009,2018,7H71gZwWs3xPWnHM30NDUp,57
Twenty One Pilots,Jumpsuit,Trench,2018,1E1uGhNdBe6Dddbgs2KqtZ,64
Hozier,Movement,"Wasteland, Baby!",2019,0SFq19lgG4qbQAZaNZ3xhO,62
Tame Impala,Lost In Yesterday,The Slow Rush,2020,5JWPUEov2wlX7c0jhYZpeB,65
Papa Roach,Kill The Noise,Ego Trip,2022,2DyDyOW1hRYFFaMhBCAHJ9,64
Rawayana,Caney,Caney,2021,1iy127mskdnMF5mC5kicFF,55
Wizzard,I Wish It Could Be Christmas Everyday - 2006 Remaster,100 Greatest Christmas Songs Ever,2022,6C8JkSqdFkE5LN2aXOa9cs,63
Lauren Daigle,Rescue,Look Up Child,2018,7r9kOxiNDnkAg5QKqtyjVk,70
Rammstein,Zeig dich,Rammstein,2019,3d3k8g4GTVx9EFIFlOZOEX,62
The Neighbourhood,Fallen Star,Fallen Star,2021,60F6pgM6H6miNr5AmjxwjL,66
Rawayana,CAMINAAANDO,CAMINAAANDO,2022,09KDB5l9Teu4Jmi0rcX6hT,53
Fontaines D.C.,Jackie Down The Line,Skinty Fia,2022,3ITvhrRB5TlEks19k9qy2k,64
Serú Girán,Seminare - 2021 Remasterizado,Serú Girán (2021 Remasterizado),2021,61zbxB39zUY5oxBvEvvMYv,62
Milky Chance,Synchronize,Trip Tape II,2022,3GXgrEjBjonrQrPEEi13yU,61
Bee Gees,More Than A Woman - SG's Paradise Edit,More Than A Woman (SG's Paradise Edit),2021,0L3XCv9i9IHs8cJEVhsJ3J,63
Jesús Adrián Romero,Se Quedó Conmigo,Origen Y Esencia,2019,54WhzdsNihZ1k0EPTgXrIj,60
La Delio Valdez,Inocente,Sonido Subtropical,2018,7uosdMQ8IXjcs6t72NTTDq,63
El Kuelgue,Parque Acuático,Parque Acuático,2018,250FEHmhQf4Y2XiqjDz0zu,61
The Drifters,White Christmas,100 Greatest Christmas Songs Ever,2022,5skPAf0IIIy7UXJch1QgZy,61
Robbie Williams,Santa Baby (feat. Helene Fischer),The Christmas Present (Deluxe),2019,3jKVI7aQfr11uhEOcOIwcZ,63
Mud,Lonely This Christmas,100 Greatest Christmas Songs Ever,2022,1pVbEGfj945M4TrRPWUPSm,60
Midrift,Twin Flames,Midrift,2022,4ihiiVAhf3Ta9h7IytC74L,68
Vance Joy,I'm with You,Nation of Two,2018,6Qwuw0eOeszVlewLpu24gR,64
El Cuarteto De Nos,El Cinturón Gris,Lámina Once,2022,0DHUNPj3jZU9MfBuVIgSKi,55
Generación 12,Quiero Conocer a Jesús (Yeshua) / Nuestro Dios,Tu Reino Está Aquí,2022,2txTXCdetbJcy8REtnZdRq,61
El Zar,La Declaración,La Declaración,2020,0MArhYeFvgi8V2Pj3ecwBs,59
Foster The People,Imagination,Imagination,2019,2flxduIqEbsicdmPyj1WVW,65
No Te Va Gustar,A Las Nueve,Otras Canciones,2019,68cko9zdsKwaxgb98sF36S,62
Cliff Richard,Mistletoe and Wine,100 Greatest Christmas Songs Ever,2022,6z5poUMwOJIQID5wAfZUjQ,58
The Neighbourhood,Stargazing,Chip Chrome & The Mono-Tones (Deluxe),2020,0VF7YLIxSQKyNiFL3X6MmN,66
The Neighbourhood,Compass,Hard To Imagine The Neighbourhood Ever Changing,2018,0YNtAadZvKBBEFARtfoCV8,64
Dynazty,Heartless Madness,The Dark Delight,2020,4QaxyJsbo5AR3bnEB7ko8h,59
BLUE ENCOUNT,ポラリス,Q.E.D,2020,28DlaPydCnrs8NxYOnUPZ8,61
Zoé,Azul,Aztlán,2018,7ffkdwy4EvMSeUnPVSyqqw,68
Bunbury,Aunque no sea conmigo - 2018 Remaster,Canciones 1987-2017 (2018 Remaster),2018,0rCxrlZhWzLy5ULIEDL3zs,61
Welshly Arms,Legendary,No Place Is Home,2018,2bDENJyfbxj0neGiXUFvIX,62
Twenty One Pilots,Christmas Saves The Year,Christmas Saves The Year,2020,6ZTFZm4IEFnMSDfO6mVgMY,59
RADWIMPS,Suzume (feat. Toaka),Suzume (feat. Toaka),2022,7LHAKF7pBqHch8o6Yo0ad5,64
The 1975,It's Not Living (If It's Not With You),A Brief Inquiry Into Online Relationships,2018,3TgMcrV32NUKjEG2ujn9eh,69
Esteman,Te Alejas Más De Mí,Si Volviera A Nacer,2021,62xokumU0wMqOSsBuefhmB,65
Brent Cobb,Black Creek,No Place Left to Leave (2006),2020,4jB3Mw900goYibsFAueHph,71
The Ronettes,Frosty the Snowman,Sleigh Ride,2020,0OcpVNf7hnJBPbTFMSG7CI,63
Palaye Royale,Lonely,The Bastards,2020,4jXbcY2ulVT7MOPdN8nR50,61
Big Thief,Simulation Swarm,Dragon New Warm Mountain I Believe In You,2022,2FwDApgXk91kXvqy2oB7dz,66
Rammstein,Giftig,Zeit,2022,3Ye7vnZdrO2Gq5IyyH3cOp,60
Pretenders,2000 Miles,100 Greatest Christmas Songs Ever,2022,2qLv2OcKEsWXOlaO1Q5OH1,57
Gorillaz,Tranz,The Now Now,2018,7jYUaoOfdcYgUvkK8NnFfx,61
Maretu,aishiteitanoni,aishiteitanoni,2022,16kqUisnDZz1DC789Ks1lE,63
Freddie Mercury,Love Me Like There's No Tomorrow - Special Edition,Mr Bad Guy (Special Edition),2019,0otmxJEwq9JI1CidrcYEq4,58
Rammstein,Zeit,Zeit,2022,2KsHzM4L7ThhNJB6MHXkPx,60
Rammstein,Zick Zack,Zeit,2022,2w7Ca8DNYXBCgA6Bht7o0N,59
Los Auténticos Decadentes,Amor (Ft. Mon Laferte) - Mtv Unplugged,Amor (Ft. Mon Laferte) (Mtv Unplugged),2018,2fscHtYDKLd7xYRCTe3prP,60
SunKissed Lola,Pasilyo,Pasilyo,2022,0uZFcsx96wzbixsULmrg8o,74
Dominic Fike,Why,What Could Possibly Go Wrong,2020,1xLs8Mu1QEVbGCpyHQ2r2U,67
Vance Joy,Missing Piece,In Our Own Sweet Time,2022,2vB9ME0oZwfTGAUMC71CaT,62
Voz Veis,Segundo Plato,Segundo Plato,2018,6qG9cPYztan2Tf5Le5wNao,53
Volbeat,Shotgun Blues,Servant Of The Mind (Deluxe),2021,2SMNxADB0ffqaIoOwl2x06,60
KALEO,Hey Gringo,Surface Sounds,2021,4aPeeN8IYOCMNBGI0p7169,57
MisterWives,Jingle Bell Rock -Spotify Singles Holiday,Jingle Bell Rock -Spotify Singles Holiday,2021,7Ao5aouOwI94DuwcXa5X1i,64
Generación 12,Vuelvo a Casa,Sana Nuestra Nación,2021,2FJQHTLhycwIjRnRbd4Wm6,58
El Zar,El Momento Perfecto,RIO HOTEL,2022,7LUepo06YjPnIoDVmiwYlJ,59
Bring Me The Horizon,Obey (with YUNGBLUD),POST HUMAN: SURVIVAL HORROR,2020,6MD6xpFK4cfquxRqXxqwjq,61
Milky Chance,Unknown Song,Unknown Song,2022,2zR85boqjMOKPygjdDbGbC,57
Maretu,New Darling,New Darling,2022,0JbLk9eKjb3vBSELAnCkgr,63
The 1975,Be My Mistake,A Brief Inquiry Into Online Relationships,2018,18UsAG7SfOQ5sxJEdjAMH0,64
Imagine Dragons,Wrecked,Wrecked,2021,2d1MywHy6FwKdzxFuSJnwl,58
Rammstein,Puppe,Rammstein,2019,2iFgHPoa7FNHwgLnjXzu7F,59
Therapie TAXI,Eté 90,Rupture 2 merde,2021,1p9dxTMtG4gZpLp7yzvT54,64
All Time Low,Monsters (feat. blackbear),"Wake Up, Sunshine",2020,0tyR7Bu9P086aWBFZ4QJoo,67
The 1975,I'm In Love With You,Being Funny In A Foreign Language,2022,12g9IeQzX7xECLNxz8dpb5,66
Glass Animals,Heat Waves - Slowed,Heat Waves (Expansion Pack),2021,1K2RnVhm3eauKnA8PAcPu1,63
Fontaines D.C.,Roman Holiday,Skinty Fia,2022,7MWIc6p9uOACLHGzzP9On7,61
Maretu,SIU,SIU,2019,22tot0Y6uKuWdAZnEQyB6g,62
Greta Van Fleet,Light My Love,The Battle at Garden’s Gate,2021,4iya38ctQ1httyA6NOG9oW,62
KALEO,Break My Baby,Surface Sounds,2021,3BsoE7SgveujY2jeV2rVRw,57
Fall Out Boy,The Last Of The Real Ones,MANIA,2018,6e13443Ve7RGcAUScTgYtl,62
Rammstein,Was ich liebe,Rammstein,2019,4anzVbFPUuZTw0KQeZ0qnu,58
Wham!,Last Christmas,Christmas Hits,2019,77nF1t4qesuOJRd8lbIzNX,61
Fontaines D.C.,Boys In the Better Land,Dogrel,2019,2dxXKqqpSV4eCgPxC6t8mn,59
lovelytheband,broken,finding it hard to smile,2018,6XcfKZvJio9Z0fQy11GnNX,64
quannnic,life imitates life,kenopsia,2022,5E9qBEUja2yAjUPhQO8Gx7,64
No Te Va Gustar,Venganza,Luz,2021,2UJfYO4NNQSxBq0ElmDNd1,53
The Ronettes,Sleigh Ride,Caroling at Christmas,2019,46UMwpkxyIwzqhsaONm4wf,64
No Te Va Gustar,Venganza,Venganza,2021,0QBMEboyu2DxFTKGbI5nl7,50
The Neighbourhood,Devil's Advocate,Chip Chrome & The Mono-Tones,2020,4XfI7M5gLwEY84gYiH4RDD,63
Hozier,Talk,"Wasteland, Baby!",2019,29bXfCo3mQVzohwPJXohaU,59
Black Dresses,IN MY MOUTH,WASTEISOLATION,2018,51fuLpPnBX5pzizp3PkODO,62
The Darkness,Christmas Time (Don't Let the Bells End),100 Greatest Christmas Songs Ever,2022,3p6OeDp9P4y3ZZCOoVKE2l,56
El Cuarteto De Nos,Mario Neta,Jueves,2019,40va05AmHQ9G5cVVe1jxAc,51
Ocean Alley,Confidence,Chiaroscuro,2018,3PwiD0JaTDiBMWDUW2hXNX,69
Voz Veis,Son Tan Buenos Los Recuerdos,Todos A Belen,2021,5h005TfhVvDrqoLWbj7TP9,46
Rawayana,Váyanse Todos A Mamá,Cuando Los Acéfalos Predominan,2021,5BeMNrGr9Wk3mDmf0DbQaA,49
In Flames,I Am Above,"I, the Mask",2019,2t1G0rDxUY9zjML3f5mObb,54
Los Auténticos Decadentes,Amor (Ft. Mon Laferte) - MTV Unplugged,Fiesta Nacional (Mtv Unplugged),2018,1QjfU3jkGInap7Vm9lVJIQ,58
Rammstein,Adieu,Zeit,2022,56SLMIzWKrEOWIQ5LCzKXV,58
Milky Chance,Colorado,Trip Tape,2021,35iR1qzexmbcUSgA01S4gI,59
Conociendo Rusia,Quiero Que Me Llames,Cabildo y Juramento,2019,7jcXQXxo0lvpwg2twqJpqc,56
The Ronettes,I Saw Mommy Kissing Santa Claus,Sleigh Ride,2020,4h7zzeg7EUP4B7zGPU9Wx1,64
Bacilos,Por Hacerme el Bueno,¿Dónde Nos Quedamos?,2018,1iEIQ69PuAM76GCBT9HCek,54
Sam Fender,Seventeen Going Under,Seventeen Going Under (Deluxe),2021,5rF6YUIlgiat22OT1lWspJ,68
OFFICIAL HIGE DANDISM,Cry Baby,Editorial,2021,7nF9c1EmRF3BNAtKDCwUAK,58
Fontaines D.C.,Liberty Belle,Dogrel,2019,77orX4NH0a9HtNXNkgbbwC,58
Josiah and the Bonnevilles,Ghost,2022,2022,04AmLqGrPeFYdmsb6y32uS,65
Royel Otis,Motels,Motels,2022,1V888fh2JLVzMElr1pEz6Z,58
for KING & COUNTRY,Little Drummer Boy,A Drummer Boy Christmas,2020,6MtecozqUbilB5qbVARrUH,64
NAFTA,Potra,Nafta,2019,1DIBkKqsREnKgxpZ5RJjRf,55
Voz Veis,Aunque sea poco,Virao,2021,6O4cHvrLnuGlHcbnqxZ1tq,47
Bersuit Vergarabat,Esperando El Impacto,Mate con amigos,2020,21INSn9qdsLohevjBNlsUi,36
Bersuit Vergarabat,Sencillamente,Lo + tranquilo,2020,2ClPaLUm33tVxQSJnYb1oM,35
Goth Babe,Weekend Friend,Weekend Friend,2019,2d3QlXE6FXFDeodiS66yjM,63
Conociendo Rusia,Loco en el Desierto,Conociendo Rusia,2018,392fECmnYZTQjL97hqEElg,55
Silvestre y La Naranja,Amores Callejeros,SUPERSTICIONES,2021,4pjyXEQIrbDgGPpZ0MBAC9,56
Three Days Grace,So Called Life,EXPLOSIONS,2022,1QTQ3VNzabl4yF5GJE6hhK,61
Sam Fender,Will We Talk?,Hypersonic Missiles,2019,5g0HSob4PEq7M8blV6y70i,64
Dylan Scott,Good Times Go By Too Fast,Livin' My Best Life,2022,7INk3focyW89pATBgageU7,70
Maretu,Magical Doctor,SIU,2019,0tLcKkZqfylGoG5JcXOXvL,60
Serú Girán,"Viernes, 3AM - 2019 Remasterizado",La Grasa de las Capitales: Edición 40º Aniversario (2019 Remasterizado),2019,6zjME4Vo9ze9Uk4t9kUMJZ,55
Diamante Eléctrico,Rotos,Buitres & Co.,2019,5Y1KS5xHBjGXKsEaCnufdi,49
Temple Sour,La Venenotza,La Venenotza,2019,1cJOIz4wOkjrIVChFRFqiz,52
Queen,We Will Rock You - Movie Mix,Bohemian Rhapsody (The Original Soundtrack),2018,2t8UoPFVXCRZulscbwv0QL,50
BUMP OF CHICKEN,SOUVENIR,SOUVENIR,2022,7qOsSOpiL3R8RKyiBtIYNQ,58
Voz Veis,Niña Dura,Vas,2021,38tvmd6vh2vVBuAx716syX,43
El Plan De La Mariposa,Túnel de la Vida,Estado de Enlace,2020,1xCD7ccEtiylN6BBJ4ogXF,59
Voz Veis,Ven A Mi Casa Esta Navidad,Todos A Belen,2021,6mYn2tAQD0LmwqplaMbXhg,43
Fontaines D.C.,I Don't Belong,A Hero's Death,2020,4xCA8KYdeVe3AmTTEYJtVp,55
Rawayana,Double Cheese & Bacon (feat. Willie DeVille & Veztalone),Double Cheese & Bacon (feat. Willie DeVille & Veztalone),2021,6t6VYuRaisYZLynvLhizsF,47
Spacey Jane,Booster Seat,Sunlight,2020,72RC6Kw32QfJi6RzlDKNxs,62
Rawayana,#Sádico,#Sádico,2019,2zSaRaop42B6bInzcBcyaD,47
Brett Eldredge,Under the Mistletoe,100 Greatest Christmas Songs Ever,2022,0OciKTNrWHda78cixRGJdq,56
Cage The Elephant,Social Cues,Social Cues,2019,1KuVdyg8d6NlRhbpHxg5UF,62
Conociendo Rusia,Cabildo y Juramento,Cabildo y Juramento,2019,0fQbLONJQqFSePMz1I4UNT,54
Voz Veis,El Farolito - Live,Vas,2021,7mSjzMyIzwP1EowBGHFDcf,44
Robbie Williams,Merry Xmas Everybody (feat. Jamie Cullum),Merry Xmas Everybody (feat. Jamie Cullum),2019,6gPjEHwchHOVoBFHxomCfR,61
Volbeat,Wait A Minute My Girl,Servant Of The Mind (Deluxe),2021,6nDHNHOVNuWK48N24Fktcs,56
Shakin' Stevens,Merry Christmas Everyone,Christmas Hits,2019,1jc5ttAAqSlzN6XnInuUXm,57
Rawayana,Welcome To El Sur,Cuando Los Acéfalos Predominan,2021,2oJk6tsIeEMC0O8Upp1QO2,45
Therapie TAXI,Hit Sale,Hit Sale,2018,3yndKI4zWEyC36BQYrdKBA,62
Jesús Adrián Romero,Olvidé Cuidar Mi Huerto,Origen Y Esencia,2019,6gtlcSHmAiNl53YS1Nqa4L,53
Conociendo Rusia,A la Vez,A la Vez,2020,5C9IeDOtfwkDUGd9aF2ELI,54
Nickelback,San Quentin,Get Rollin',2022,2fDy68BuFDTa7UGVicym4Z,64
Nathaniel Rateliff & The Night Sweats,You Worry Me,Tearing At The Seams,2018,7ADBL3WZ9Oyj7zgkg7ODT8,61
No Te Va Gustar,No Te Imaginás,Luz,2021,7x00uv5aDR0MA8eIk7xAuf,56
ONE OK ROCK,Stand Out Fit In,Eye of the Storm,2019,4zXRMjTaeflesB3Ih4eHnJ,58
Silvestre y La Naranja,El Instinto,ANIM4LES,2019,4KKA5gVKgslCIca34p292o,53
KANA-BOON,スターマーカー (Album Mix),Honey & Darling,2022,6NAtVhZ5LrvoKy2Gijr5gj,56
Voz Veis,El Burrito Sabanero,Todos A Belen,2021,3KFKZbbBc6tqHBmeSWJn2S,41
Bruce Springsteen,"Santa Claus Is Comin' to Town - Live at C.W. Post College, Greenvale, NY - December 1975",Christmas Hits,2019,4UEPinRjSnbWKqDVhc0QHJ,61
El Zar,Superstar,Pura Casualidad,2020,67AG59ltjS8JSqAUTWTJgu,55
Sam Fender,Play God,Hypersonic Missiles,2019,6R1y3I91AIktu7qoKIugtH,59
Siddhartha,00:00,00:00,2022,7l4cSfrED7RrtT0t5CSOzv,67
Silvestre y La Naranja,Supersticiones,SUPERSTICIONES,2021,5JrnwgsC1FRz6uHyGFHpqZ,52
Dread Mar I,Decide Tú,Caminarás Caminos,2018,1OuRWuKhsxNdV2FCIkyCnV,57
Las Pastillas del Abuelo,El Favor,2020,2020,5PyBWKafcYDOm7R3JIuMj1,58
Robbie Williams,Christmas (Baby Please Come Home) (feat. Bryan Adams),Christmas (Baby Please Come Home) [feat. Bryan Adams],2019,0EwajwP54Ai4KRaFyBNhll,53
La Delio Valdez,Paisaje,Paisaje,2021,3Sm5dt6yZnru5O7zRUhJJz,57
Jesús Adrián Romero,¿Cómo Me Ves?,¿Cómo Me Ves?,2022,3sO095NgJJOy9hQnVI1Gq6,52
Dustin Lynch,Thinking 'Bout You (feat. MacKenzie Porter),Blue In The Sky,2022,5eUpUFdFaAeovPau6lQkqK,68
Airbag,Pensamientos,Al Parecer Todo Ha Sido una Trampa,2021,1H7ktqkQx1PIuPfNtqvaBs,61
KALEO,I Want More,Surface Sounds,2021,7gxohd4hHPmDIvE9HohJsI,52
Casting Crowns,Nobody (feat. Matthew West),Only Jesus,2018,0W7KIc2GSB9suYQAaMZ9rF,65
Jesús Adrián Romero,A Vivir,A Vivir,2022,38YkAPODtVFCodo68wzNhX,52
Kairikibear,ベノム,ベノム,2018,2llI6h2T2O5KZfn1OhJQAA,57
Conociendo Rusia,Puede Ser,Cabildo y Juramento,2019,5gzeDHcCSxKU4KcBcDWJTc,53
KALEO,Skinny,Surface Sounds,2021,2C4jYVZId6mxISa3HrBvGM,51
Surf Trash,Wrong or Right,Wrong or Right,2020,5mGFZjhHZWImHG3z0OEuPa,54
The Terrys,Pesos,Pesos,2020,3cFHpUFJHoZiDio1hCOtYS,52
Fontaines D.C.,Big,Dogrel,2019,06KIwbnnaaXJSw4iDXEWj8,54
Brett Eldredge,Mr. Christmas,Mr. Christmas,2021,20JGzStdmjMwqOZw4w7Grt,56
Zoé,Azul,Azul,2018,1HM9uVbB4DVQh0QlwY7W6v,60
LiSA,炎,炎,2020,0cSkn2l67csUljEy0EEBPn,58
Cole Swindell,She Had Me At Heads Carolina,Stereotype,2022,200x8ONbPfFzByUr3fVz46,70
Nothing But Thieves,Impossible,Moral Panic,2020,4ZEvO7TZQTbUGJzqjcPFDD,55
Sam Fender,Getting Started,Seventeen Going Under (Deluxe),2021,4jzK6Ey84SAexMK5C2JWKx,61
Luísa Sobral,Só Um Beijo,Rosa,2018,1oeNCfrMm1nweKvYNYX0fi,40
Siddhartha,Brújula,00:00,2022,6i4IheCT4X0cZrrkmrQGsn,65
Simón Díaz,Alma Llanera,Simón Díaz Recuerda y Canta,2020,62bblTn8Gk3rdAapgg1lTN,40
Thomas Rhett,Christmas In The Country,Christmas In The Country,2019,4n0NTwp3bu4TFpePsRv6Fb,63
Catfish and the Bottlemen,Longshot,The Balance,2019,2VcS3oKcOPkubN9LVzZ96l,59
Fontaines D.C.,A Hero's Death,A Hero's Death,2020,0sxx8bEWlTBmbw0X1Abgc3,52
Cruzando El Charco,Lo Nuestro Tiene Magia,Lo Que Somos,2019,2L2o3dwHpLIVtpCDy1uBD4,56
Leeland,Way Maker - Single Version,Way Maker,2020,0H4BGX7L8UfoD0g4wgXd0D,68
Fontaines D.C.,Televised Mind,A Hero's Death,2020,3rq8wrt867MobyQuum2TBp,53
Sanctus Real,Confidence,Changed,2018,2u9FerEIRu8IbfHUbPjERP,63
Josiah and the Bonnevilles,Blood Moon,2022,2022,7kUtL133QLx9R80ehfVOUs,62
Balthazar,Losers,Sand,2021,6otUjBoNrp27EubqsoYGQx,51
Cody Jinks,Must Be the Whiskey,Lifers,2018,324iakwekGIBGV93syJsVe,64
Caramelos De Cianuro,Que El Desayuno Espere,Control,2021,2xMk5rk47ip31H5znPkQTi,41
Walker Hayes,Fancy Like,Country Stuff The Album,2022,58UKC45GPNTflCN6nwCUeF,68
Daily J,Left Me Like Summer,Venus Ate Mars,2020,0YVyOLWIh5pe9DEJJjjKKH,53
The Ronettes,Sleigh Ride,Christmas Hits,2019,1CBg1D0t4FMLbco3posN7b,58
El Zar,Las Voces,Las Voces,2019,4JW6406Y4xsE9ZVE318A7c,52
DICE,Stop Sign,Stop Sign,2021,58EybRsv2eC0iUfiYTmw8a,51
Fontaines D.C.,Skinty Fia,Skinty Fia,2022,567wp93ROi35Wa3Qq9BAJw,53
Sam Fender,The Borders,Hypersonic Missiles,2019,4hui0bX1Bv89yg1BTsz4NU,61
The 1975,I Always Wanna Die (Sometimes),A Brief Inquiry Into Online Relationships,2018,7iPlcFvOMOzt6v0QvcAueZ,61
Los Fabulosos Cadillacs,El Satánico Dr. Cadillac (Versión '93) - Remasterizado 2008,Obras Cumbres,2021,3NEjfWyF5lrVHGq3sM1jF8,54
Cruzando El Charco,El trato,Cicatrices,2022,4jsWMUBxGEKn6usvMIO1R8,56
Fontaines D.C.,Roy's Tune,Dogrel,2019,5ZrjSdHy4o6kLNejvlthgx,53
LOUTA,AYER TE VI (feat. Zoe Gotusso),ENCHASTRE,2018,7gfyrnHMieXMjIW4n2p5wf,52
Conociendo Rusia,Tu Encanto,Tu Encanto,2020,0zRCH3vyASd7BEQ6bFdbol,50
Sanctus Real,"Today, Tomorrow and Forever","Today, Tomorrow and Forever",2020,5aoocCmNYZHDW0sR0LgptA,60
Gian Marco,El Ritmo de Mi Corazón,El Ritmo de Mi Corazón,2019,6Nmpt6fRu5Yvbfraoe13tx,46
Jason Aldean,You Make It Easy,Rearview Town,2018,2TXtN9MoV308Y0z1HvyTfV,70
Thomas Rhett,What’s Your Country Song,Country Again (Side A),2021,4oR2cCQGs0Yt0Mgr2diV6V,65
Sam Fender,Seventeen Going Under,Seventeen Going Under,2021,1Dp7ASSZVVOPJ85VdLpjOX,60
El Zar,Perdiendo el Control,RIO HOTEL,2022,2tMV41eUpxpR2aHOtnEC8i,50
Jameson Rodgers,Cold Beer Calling My Name,Bet You're from a Small Town,2021,67wUHsoXdZ8UOLt6rodpQ9,59
Cruzando El Charco,Soy,Lo Que Somos,2019,2qlNflXsO7plqVz0vuC75H,56
for KING & COUNTRY,God Only Knows,Burn The Ships,2018,4ElNxglBjcrASiGn58t9Jm,65
NAFTA,La Carta,Nafta,2019,0H351Cn5b1uS4E4Cg1Jxb5,48
Florida Georgia Line,Simple,Can't Say I Ain't Country,2019,4L9Ds4mpD3SuYoWwFUlv16,66
Tauren Wells,Take It All Back,Joy In The Morning (Horizon Edition),2022,4AjyX21TX61oa8AFaKZmxc,63
Sticky Fingers,Cool & Calm,Yours to Keep,2019,4kgNMrRgqjo6NVeRqqPvCj,54
Parmalee,Just the Way,For You,2021,4h5OVQQbeqw3lNaFIbmlzG,67
Natiruts,Tudo Vai Dar Certo,Tudo Vai Dar Certo,2020,6B8pYtoS3XHrc821hExWf6,63
Lee Brice,One Of Them Girls,Hey World,2020,6uyiyatWPCqC59Mm4rO8xL,69
Novelbright,愛とか恋とか,Assort,2022,1VHL1PIkhDwWbFc65xHwOr,66
Temple Sour,Por Ti (La Poderotza),Por Ti (La Poderotza),2020,7zHrig0YPl5mI53hBBjGB3,48
The Rions,Night Light,Night Light,2021,5g4VW1FmFDXixu1VEiHAVz,52
Babasonicos,Mimos Son Mimos,Trinchera,2022,0AK6oKtH1xi0y66ZkN6OGT,54
Jon Pardi,Your Heart Or Mine,Mr. Saturday Night,2022,7ETjhPaIU4UmHOiimJBZz9,69
Gian Marco,Sácala a Bailar,Intuición,2018,25qU7UPwnrWJ4cfnwbrboq,46
Robbie Williams,Time for Change,The Christmas Present (Deluxe),2019,2OmnyLbHB2se7ZoMpXhoiO,55
Oscar Athie,Fotografía,Fotografía,2018,1SWsMpWs49E4fRWZMGKphY,52
La Delio Valdez,La Cancioncita,Sonido Subtropical,2018,6EWcAoB7VHlzEuFgCQ4iJt,52
Therapie TAXI,Aline,Aline,2018,2GdQWH8tkjfX9V4Ay296PE,52
El Zar,Apasionado,RIO HOTEL,2022,7nNe66m3zuscn2Tn4nJwAs,50
grandson,Blood // Water,a modern tragedy vol. 1,2018,7clyJIrLkEbXUDwj1tC9zz,64
LANCO,Greatest Love Story,Hallelujah Nights,2018,2yQZwi1P8AkkxxFhQ8rMEK,64
Nickelback,Skinny Little Missy,Get Rollin',2022,7okAszmL6H3YM6mtX5TZYW,60
Los Mesoneros,Dime Cómo Tu Quieras,Pangea,2019,2XQaTo0yaAngF5GZYunMfE,46
Mrs. GREEN APPLE,青と夏,Attitude,2019,5BC6kr6etk2Y9J62AyI4i3,72
Kazzabe,La Parranda (Sei Sei Bei) - Remix,La Parranda (Sei Sei Bei) [Remix],2019,3hcNis0agZLicBxiooYmMY,41
Thomas Rhett,Look What God Gave Her,Center Point Road,2019,2KqJC0koTBUyDlsMt5ok1V,63
El Plan De La Mariposa,Oro de Abeja,Estado de Enlace,2020,2q3GgW71FqrEfFFtdWC3tJ,52
1915,Policía,Bandera,2018,0pDooPTaMUaDQfnBdbPdYo,48
Airbag,Volver a Casa,Al Parecer Todo Ha Sido una Trampa,2021,7jFRaaxunWW0nFabUC5Omt,55
Kazzabe,Si Pudiera Yo,Puros Éxitos,2020,6hOVsyMdpk2aZK6zcKnXMK,41
Royel Otis,Bull Breed,Bull Breed,2022,0AJzVMzlFT03insWEIlrDz,51
Balthazar,Fever,Fever,2019,4dbc47eDkRtaddUuS3CInF,47
Thomas Rhett,Half Of Me,Where We Started,2022,11kskoMyNDumaR30CI6rRv,63
Therapie TAXI,Blesse-moi,Rupture 2 merde,2021,6nRSyu4oOed8HgcVxV1cWl,56
La Delio Valdez,De un Tiempo a Esta Parte,El Tiempo Y la Serenata,2021,3Ps9TMiMPek4nSdmTUP04h,53
Therapie TAXI,Candide Crush,Cadavre exquis,2019,7oZryU4VFbqOxT0bRceSjj,55
Дайте танк (!),Люди,Человеко-часы,2020,3rpi29kD9YUDwXz1yhjS7Q,57
Sam Fender,Spit Of You,Seventeen Going Under (Deluxe),2021,6YrNd7sFarQAUflTPcTH0h,58
Los Mojarras,Triciclo Perú,1992-2012,2018,1Ahb1lGCvsRSlmThubFzsy,48
SUPER BEAVER,突破口,アイラヴユー,2021,2JNl3zf7dLaK3ceN12RTOW,53
Siddhartha,Me Hace Falta (Cap. 2),MEMORIA FUTURO,2020,7EAr8k0WiV9ybItof6utFj,62
Conociendo Rusia,Se Me Hizo Tarde,La Dirección,2021,5iCQLeTVLauWAM3N0shr4P,48
Los Dandys,Pobre Soy,Pobre Soy,2019,2AVznJxpCCxcEY4OILV30g,45
Dustin Lynch,Stars Like Confetti,Blue In The Sky,2022,4HXiZiCbYIiG03OQwXRYnE,62
1915,Extranjero,Los Años Futuros,2020,6f4HlS9R6HO2pnBaRbawA8,49
Leeland,Way Maker - Live,Better Word,2019,40ozK0lCJ0EQzVGWsCNUhk,64
The Afters,I Will Fear No More,Fear No More,2019,4BFvu9IYbxN3ZFq0623lPQ,59
Kazzabe,Banana,Puros Éxitos,2020,6jceTQXwTqbj4BJGJdlbvg,40
Eddy de Pretto,Kid,Cure,2018,1EIhcoMZ3See5L28kNvuFe,56
Conociendo Rusia,Otra Oportunidad,Cabildo y Juramento,2019,29WjfUKhMuEVdO8iCRw2eE,48
Ufuk Beydemir,Ay Tenli Kadın,Sevda Gibi,2018,4hv9mEWi4911k1uhU4fPEH,60
Odisseo,Los Imanes,Cambio Estacional,2018,4CoJ7RN7myJHXYIx1pB8IF,60
HoneyWorks,可愛くてごめん,可愛くてごめん,2022,2xBibqkmXJ4NQCe8lJeZco,55
Kazzabe,Osito Dormilon,Puros Éxitos,2020,1cCBtrjuicx0kfr9Kz0v2s,39
for KING & COUNTRY,"O Come, O Come Emmanuel",A Drummer Boy Christmas,2020,0QK0ftnKFr0DSOzB5HCmfJ,62
The Mary Wallopers,Eileen Og,The Mary Wallopers,2022,16Q6QIVgqlMux1JxVH0IO9,52
El Zar,Salgo Corriendo a Buscarte,Pura Casualidad,2020,3dJuwdXopaPBbkd46jzeof,47
Sam Hunt,Body Like A Back Road,SOUTHSIDE,2020,7FpBQ067pHB67deawpbbcY,69
Brunori Sas,Per due che come noi,Cip!,2020,6JXlccLNpK7F2XFwHuMy23,54
No Te Va Gustar,Verte Reír,Otras Canciones,2019,7ygbKVvYoiGMJBPpV8CWI4,48
Scotty McCreery,Five More Minutes,Seasons Change,2018,3qTmB5HxP9ilJaiM6B1yuk,64
Sam Fender,Saturday,Hypersonic Missiles,2019,3kROc4cT1QMKyQdPd0Gbvm,58
Ciro y los Persas,El Farolito (Acústico),Guerras (Un Viaje en el Tiempo),2020,75Yc1MhQiQEBGJvyciJQAy,50
Scotty McCreery,Five More Minutes,Seasons Change,2018,3qTmB5HxP9ilJaiM6B1yuk,64
Sam Fender,Saturday,Hypersonic Missiles,2019,3kROc4cT1QMKyQdPd0Gbvm,58
Ciro y los Persas,El Farolito (Acústico),Guerras (Un Viaje en el Tiempo),2020,75Yc1MhQiQEBGJvyciJQAy,50
Preto no Branco,Tá Chorando Por Quê?,Tá Chorando Por Quê?,2020,2DCwzIVV6glyf5iho6LoVw,66
Arena Hash,Me Resfrié en Brasil,"Peruvian Rock Anthology: Original Masterpieces, Vol. 3 (1993 - 2001)",2018,6owthHOJo06koXPXe7xBG9,46
El Kuelgue,Planeta Numir,Fierrín (Lado A),2018,1w4UcQH8Rs6CLMwnY6ACvk,47
Mikito P,ロキ,DAISAN WAVE,2018,5WCK18MbTKuOcmLsOXMaHd,54
WANIMA,ともに,Everybody!!,2018,6FHgHDXiGnRfhrSok9xAz3,61
Lee Brice,Memory I Don't Mess With,Hey World,2020,1zYZs8Vbjhbzx5M3olcRnm,67
El Kuelgue,Bondi,Cuentito,2021,5io1KOReKCPG038H563lYO,47
Piti Fernández,DOCTORA II,Caminos Bríos,2022,0ei64Ivi3kxqHaQuYByc79,54
CHiCO with HoneyWorks,決戦スピリット,瞬く世界にｉを揺らせ,2020,1HHOkD7fuNCBnImFrlDRVi,53
Lime Cordiale,Money,14 Steps To A Better You,2020,2Vi8BQIM9vCQkkrvf3VPjI,56
Management,Come la Luna,Sumo,2019,3q7mHIxCWy0S9qKrMutL54,46
Eddy de Pretto,Pause,À TOUS LES BÂTARDS,2021,57TwkG6mUvWDZsEqARyeI2,54
Indio Solari,La Oscuridad,"El Ruiseñor, el Amor y la Muerte",2018,56n94C7lJHOI1BbDQ4K9Rg,50
Sam Fender,Spice,Dead Boys - EP,2018,7KncmixRfCnvzSsKZnlHt8,57
Daryl Hall & John Oates,Jingle Bell Rock - Daryl's Version,Christmas Hits,2019,3y8Z2sOJrBt6yKEfsZG1NY,53
Airbag,Perdido,Al Parecer Todo Ha Sido una Trampa,2021,5S7k88yKKQe2sPPvpZnH3R,54
Kazzabe,La Parranda (Sei Sei Bei),Puros Éxitos,2020,3llzQNADFAhTK81sdx2rqR,39
Lilly Wood and The Prick,Prayer in C - Robin Schulz Radio Edit,Prayer in C (5th Anniversary Rework),2019,68PCPDZwgg0wz88NFgq9RC,48
JANNABI,for lovers who hesitate,LEGEND,2019,5BqwC9kOBbqYkzdOKeXFFk,58
Babasonicos,Bye Bye,Trinchera,2022,4Qmqux7KiBuz31IcJzHt05,52
sakanaction,新宝島,834.194,2019,4a48lWUd64bZgHUDx0GZlj,58
Thomas Rhett,Beer Can’t Fix,Center Point Road,2019,7idmHTAQQPUFqdjXkoooXD,64
Therapie TAXI,Salop(e),Hit Sale,2018,2K9mcH5jYpO88m1nv8fGTf,54
Luke Bryan,Knockin' Boots,Born Here Live Here Die Here,2020,2opQESZb7JsRKCvWMBPeuv,66
for KING & COUNTRY,For God Is With Us,What Are We Waiting For?,2022,0CQPPHjPpG4kAzvfOcKvh8,62
Airbag,Ganas de Verte,Al Parecer Todo Ha Sido una Trampa,2021,3JCian69xIfy8A4799Og5f,55
Stephen Bishop,It Might Be You,Best of Bish,2022,2Qmx8W62PEz88T7cGjHDug,58
SUDA MASAKI,さよならエレジー,PLAY(Special Edition),2018,3oYD2O31b05fILFpv0AXRI,63
John Denver,Rudolph the Red Nosed Reindeer,Christmas Hits,2019,7l1S30HhTTY4rfkBZpc1Db,57
Indio Solari,Encuentro con un Ángel Amateur - En Vivo,Encuentro con un Ángel Amateur (En Vivo),2021,68baDWnU6XC7YRpMuDEYbJ,49
La Vela Puerca,La Luna de Neuquén,Destilar,2018,6ZznUaja8PfIbU7UPUJrj4,44
OFFICIAL HIGE DANDISM,Pretender,Traveler,2019,15HNdxGKNCIO9pgaY4n7FU,57
PEOPLE 1,DOGLAND,DOGLAND,2022,6CMjaUiyl7WLPop2AoLbn6,52
NO CIGAR,1999,Radical Road,2020,21k9X5qpv44hHi3A2pUbVP,52
Babasonicos,Ingrediente,Discutible,2018,6M6aCePRkHqmQsUGa6BegN,49
Sayuri,花の塔,酸欠少女,2022,3Hfata4DJDmrXRZEc8sXWC,53
Cairokee,Basrah w Atooh,Roma,2022,4vIbws1xp082bv0zl8vLaJ,61
Editors,No Sound but the Wind,Violence,2018,6LU15UdRHvUnHW8OyEbxy3,43
Elle King,Drunk (And I Don't Wanna Go Home),Drunk (And I Don't Wanna Go Home),2021,0QULNNd9z5s35entfiiXoa,62
Reol,第六感,第六感,2020,22sQUmLhT8umlEhQzDrzfJ,56
Gerry Cinnamon,Where We're Going,The Bonny,2020,19GiPFk1hng2JpuRf00Gno,57
Paul McCartney,We All Stand Together - 2020 Remaster,We All Stand Together,2020,3GcriCXRnjAUFm5hrPpT1L,48
Mako Road,The Green Superintendent,The Green Superintendent,2018,6pPQPAKd5CAwmuNa1p48JS,54
Macha Y El Bloque Depresivo,Procuro Olvidarte / Pásalo Bien,Procuro Olvidarte / Pásalo Bien,2020,6oeRUBPV3VgNYsuYYsMcym,51
CMAT,I Don't Really Care for You,If My Wife New I'd Be Dead (Deluxe),2022,38x9U1nlxCblWCmu6g4mPy,49
Skegss,Up In The Clouds,My Own Mess,2018,440m8MPuMzg5PkipV7Sh45,50
Mitchell Tenpenny,We Got History,This Is the Heavy,2022,6Awl7JBDQjfm7xkS3LkhDi,60
Macha Y El Bloque Depresivo,Aunque No Sea Conmigo,Sesiones la Habana,2022,2BICrsK2KIuozm5X0adpCI,52
Japiaguar,Amigos Con Derecho,Amigos Con Derecho,2019,0s20N1FV0QZ5Stp5GXH2cj,43
Yüzyüzeyken Konuşuruz,Dinle Beni Bi',Akustik Travma,2018,11PO9iu6PtpgL1JK4QNUEJ,64
Kiro Akiyama,Caffeine,From DROPOUT,2020,708feUe50Ed8N6zilSiSQM,54
Venerus,"Love Anthem, No. 1",Love Anthem,2019,3oBVv54hTMSYXXJGxO5JxJ,47
MY FIRST STORY,I'm a mess,X,2022,5m21ZR5lO6U0tp9KENxuCc,62
Gerry Cinnamon,Canter,The Bonny,2020,4rrXxmaUQVCO0mqDpY5fZf,59
Kazzabe,Balabaa,Puros Éxitos,2020,2R5RYvwBKgNubDJf6gQ59S,35
Rodrigo,Lo Mejor del Amor,Lo Mejor del Amor,2022,6kQXTmUGWXtzw40zxv1yUz,46
Diablos Negros,Hojas Secas,Tierra Suelta,2018,6kTb4iWmXVLLUyKje6QNdD,45
Lenine,Paciência,Lenine In Cité (Deluxe),2020,4HHDRt7w95ewCrZtRS8djw,56
sakanaction,忘れられないの,834.194,2019,7a3LbQFgp7NCuNcGlTgSsN,56
Kraftklub,Fahr mit mir (4x4) (feat. Tokio Hotel),KARGO,2022,5443vprqDLYYwDUyBLkU9H,52
Lee Brice,One Of Them Girls,One Of Them Girls,2020,14GwnOeC9qYEKEA6uOZepa,62
Ocean Alley,Knees,Chiaroscuro,2018,3rePOdytndTe0dfIonVUom,60
El Plan De La Mariposa,Domador de Sombras,Estado de Enlace,2020,0B0o0yH7371oBYES17n8nu,48
Las Pastillas del Abuelo,Azúcar Impalpable,2020,2020,4OUM5HltBeSin2rO0ALxui,48
Eddy de Pretto,Fête de trop,Cure,2018,318bvACza1ThxkbPqajFoe,53
Airbag,Cuchillos Guantanamera,Al Parecer Todo Ha Sido una Trampa,2021,1O1Ecizt4OlafR3o20MXmR,53
Whiskey Myers,Bury My Bones,Whiskey Myers,2019,72geHhNU5UA2hU1QgUzXdE,62
Sayuri,花の塔,花の塔,2022,1yt4wO7dKCwsfjch8SN9aU,53
Temple Sour,Smoothie Bonce,N.A.R.R.O (Not Another Roots Reggae Odyssey),2022,5YGZzjC9mnjBovs8Bf9pzf,43
LiSA,再会 (produced by Ayase),再会 (produced by Ayase),2020,52IsIvHidofM9JMjw78Jyz,57
N.Flying,Rooftop,FLY HIGH PROJECT #2 'Rooftop',2019,2LwH6T39A5IODRgPv9XitR,52
Macha Y El Bloque Depresivo,Solo Tú,Macha y el Bloque Depresivo,2018,30V4BvKPqm1nNgoubX5w2Y,54
Macha Y El Bloque Depresivo,Continentales,Macha y el Bloque Depresivo,2018,3ukiijvsJuB58dFxW1tVDT,54
Arctic Monkeys,Do I Wanna Know? - Live,Live at the Royal Albert Hall,2020,5zDoSmh06F7kjXGIHFhQzh,44
Aimer,Ref:rain,Penny Rain,2019,6MNY72T605kPIOH3hnioxu,53
Marco Borsato,Hoe Het Danst,Hoe Het Danst,2019,5cYOVkA2cnjKid9yigaMwq,53
Airbag,Va a Ser Difícil Olvidar,Al Parecer Todo Ha Sido una Trampa,2021,0Nylt3biQgd30wwgGqFCPm,52
Jon Pardi,Last Night Lonely,Mr. Saturday Night,2022,0k11c8vwyeNSGQex6UMa1v,65
SE SO NEON,NAN CHUN,NAN CHUN,2020,4TBHfv2isYco3fNKjQ8oSI,52
Kazzabe,Ansiedad de Amar,Puros Éxitos,2020,46CBFGOoVzgmbObLWVtftH,34
Sasha Chemerov,Любила,Любила,2021,5qKLAXmy19fE0Z9vRbLFhz,49
Kazzabe,"Piamanadi, Baile Mami",Conexión Garifuna,2022,5cRsdBupj99X5YKVRsoV7P,34
The Mary Wallopers,Frost is All Over,The Mary Wallopers,2022,1oU6QE6FiKytcNwjOCAp9L,48
Özdemir Erdoğan,Pervane - Bana Ellerini Ver,Canım Senle Olmak İstiyor,2022,3VLpmvlGkGeLWME8qRShOQ,56
SUPER BEAVER,突破口,突破口 / 自慢になりたい,2020,481beimUiUnMUzSbOAFcUT,49
Madrigal,Dip,Neogazino,2021,0r6tglSiN3TZTyRMvMCR5B,62
Brett Eldredge,"Baby, It's Cold Outside (feat. Meghan Trainor)",Glow (Deluxe Edition),2018,3iLuRYqDqqTalagFbUfv6j,60
Дайте танк (!),Мы,На вырост,2018,5LOhvLGX0TpTq3ARrEf5AN,50
Jason Aldean,If I Didn’t Love You,MACON,2021,7IYoh1u7dFM1xIWSEYd5B8,63
Thalles Roberto,Mesmo Sem Entender,"Saudade, Vol. 1",2020,5A2PGUJvo4euS7n6Bu6C9u,63
Kazzabe,El Piñuño,Puros Éxitos,2020,1XjRUREBK0yhnbNDEdNIEi,33
Pedro Abrunhosa,Que O Amor Te Salve Nesta Noite Escura - Ao Vivo,Que O Amor Te Salve Nesta Noite Escura (Ao Vivo),2022,79JW4tqG3AigegX3sKRxgi,47
Lime Cordiale,Inappropriate Behaviour,14 Steps To A Better You,2020,5ev47QYsBU46zhjnHC3Jmh,56
Sticky Fingers,Kick On,Yours to Keep,2019,1iEE4dBB4BPwQe8RILO7qG,49
Siddhartha,Algún día (Cap. 1),MEMORIA FUTURO,2020,63fVIeGTRSncciWivjqruM,59
Jon Pardi,Heartache Medication,Heartache Medication,2019,5qdQPrWmZv8xYhMJCDrdHF,67
Mrs. GREEN APPLE,ロマンチシズム,Attitude,2019,0JcI7OdALbpSFkyKoufRYs,68
Thalles Roberto,Mesmo Sem Entender,"Saudade, Vol. 1",2020,5A2PGUJvo4euS7n6Bu6C9u,63
Pedro Abrunhosa,Que O Amor Te Salve Nesta Noite Escura - Ao Vivo,Que O Amor Te Salve Nesta Noite Escura (Ao Vivo),2022,79JW4tqG3AigegX3sKRxgi,47
Lime Cordiale,Inappropriate Behaviour,14 Steps To A Better You,2020,5ev47QYsBU46zhjnHC3Jmh,56
Sticky Fingers,Kick On,Yours to Keep,2019,1iEE4dBB4BPwQe8RILO7qG,49
Jon Pardi,Heartache Medication,Heartache Medication,2019,5qdQPrWmZv8xYhMJCDrdHF,67
Mrs. GREEN APPLE,ロマンチシズム,Attitude,2019,0JcI7OdALbpSFkyKoufRYs,68
Temple Sour,Chibola Manyada,Pasajeros,2018,7hvIwWhUOEO9UuaLq3I1rX,43
Kchiporros,La Cima,Hasta Arriba,2021,5wBpXZG43u7flHH97cnGBk,42
Fall Out Boy,My Songs Know What You Did In The Dark (Light Em Up),Believers Never Die - Greatest Hits (Volume Two),2019,1rKRVRXykfmOga4BM9h53E,44
Cairokee,Ana Negm,Roma,2022,6CU68VwcV10VfulVQMfj3X,58
La Delio Valdez,Pedazo de Papel,El Tiempo Y la Serenata,2021,1fDEDOpnSczitAaGTLIGl5,47
конец солнечных дней,дети немой страны,осень,2020,1xwDjxLlGNxXiHYqltJvpH,51
Heloisa Rosa,Oh Quão Lindo Esse Nome É,Oh Quão Lindo Esse Nome É,2018,1AgtGkn2P6TrlXNGBs4HRw,59
Cruzando El Charco,Hoy,Cicatrices,2022,3oL8ndTST05vQfIwE7PEHk,49
Dylan Scott,Can't Have Mine (Find You A Girl),Livin' My Best Life,2022,3jfywRZH6cB2iLyKqo4EZd,62
Nochnye Snaipery,секунду назад,O2,2020,4CucNWM3qXMdgzVIypeUUC,46
The Mary Wallopers,Cod Liver Oil & The Orange Juice,A Mouthful of The Mary Wallopers,2019,73TMLGYWHbHfUAhQJnF4Jz,51
the shes gone,ラベンダー,SINCE,2021,5w5ajnulcqLSooV37j7oMT,52
Cem Adrian,Kül,Kül,2021,5NPg92vbjaGk4q9mh7MMEM,61
Old Mervs,Cellphone,Cellphone,2020,3WGmlIrxn9JNX7uE4Ks1jG,50
Madrigal,Seni Dert Etmeler,Seni Dert Etmeler,2020,10n66m41IGjA2ZulKPK7Ew,67
Afrodisiaco,El Tiempo,Al Fondo Hay Sitio,2021,1cKYI4asU314XSSk1aza81,43
Rio,Tu Eres Mi Princesa,Sres. Papis,2019,1ZHcMZyJU6gb8HwXgZuSkT,44
Parmalee,Take My Name,For You,2021,7g0Zfd5J6Hzx9M2fRUMuba,62
Mako Road,Glimmer,The Green Superintendent,2018,2xH8hQNePsHBj6G5gmx2XK,52
Luke Bryan,One Margarita,Born Here Live Here Die Here,2020,1Y3TlYJNhIa7k4YAvFkJAB,62
Męskie Granie Orkiestra,"I Ciebie też, bardzo (feat. Daria Zawiałow, Dawid Podsiadło & Vito Bambino)","I Ciebie też, bardzo (feat. Daria Zawiałow, Dawid Podsiadło & Vito Bambino)",2021,64F1Z2LAsf04V346A75hi1,60
Ocean Alley,Tombstone,Lonely Diamond,2020,1fD7qtrFhJReUkEEAvwt3b,56
Canozan,Toprak Yağmura - Akustik,Dolunay,2018,3FoxsQsG5Z9bMuqdF5szJO,63
Miraidempa,Sayonara Cross Teck,Therapy,2018,5jztuiRR4sGzlXATycRV3N,49
Mrs. GREEN APPLE,ダンスホール,ダンスホール,2022,4NaaF28BeO9WzjDrSS71Nz,72
Macha Y El Bloque Depresivo,El Gran Tirano,Macha y el Bloque Depresivo,2018,2cbhl99ajD04o0SQR7c1PX,51
100 gecs,xXXi_wud_nvrstøp_ÜXXx (Remix) [feat. Tommy Cash & Hannah Diamond],1000 gecs and The Tree of Clues,2020,3bz4WlzYw6XatcaTIh0zGX,40
Cruzando El Charco,Coleccionando cicatrices,Cicatrices,2022,2Ug1MOeq7WsZI3e3RmIXIQ,48
The Terrys,Our Paradise,Our Paradise,2021,0da8z3hA1tZGF9L8tgiKSY,49
UNISON SQUARE GARDEN,シュガーソングとビターステップ,UNISON SQUARE GARDEN The 1st Collection for streaming,2019,6uR92injo4PDzSrOPRFfHt,53
No Te Va Gustar,No Te Imaginas,No Te Imaginas,2021,6l0ClSGxF3VwZIvxseYERY,50
Afrodisiaco,La Más Bella,La Más Bella,2022,3depFmqmHveOU52oU2UqgQ,44
Señor Loop,Jazz Fest,La Leña Que Prende Madera,2020,62wiJqpEO9JqGHwdlojKdS,38
JANNABI,A thought on an autumn night,JANNABI's Small Pieces l,2020,4YaKlkNVJNbrIqN82EKFsQ,52
Leningrad,i_$uss,i_$uss,2019,2hlqMvrqeHL3XNQmq9KKYR,44
Jade Bolivia,Viernes por la noche,Tarot,2021,6Xl2gkVOtHlnrojpAIQIOV,32
OFFICIAL HIGE DANDISM,115万キロのフィルム,エスカパレード,2018,278JqkBGkjDovOYAwE8TW7,64
Okean Elzy,Місто весни,Місто весни,2021,56wSomSllGESHGhcfHrvEw,42
Zazie,Speed,Speed,2018,5muiYSjAkI6rHSlyGlZ0jr,49
Takida,What About Me?,Sju,2019,202Xgqjuz2FLfHIqdL3W2p,48
Lee Brice,Soul,Hey World,2020,3vCUelLOtiuNF78p9LNWZF,59
10-FEET,第ゼロ感,コリンズ,2022,6zjk7Qbwb9DZ4ykUUoqknh,59
Піккардійська терція,Добрий вечір тобі,Різдвяні колядки,2020,1RkZiw3RIvj9dfh4IJX3dS,43
Macha Y El Bloque Depresivo,La Nave del Olvido,Macha y el Bloque Depresivo,2018,2nCRRJEH2eFjpVQu9hHNwy,50
Heloisa Rosa,Yeshua,Yeshua,2018,6466PQ9yTWUsEr1sWBpH2w,58
Cairokee,Nefsy Ahbek,Roma,2022,7yZc2gKENILqeJWofabYNF,56
Cruzando El Charco,El Trato,El Trato,2020,5nBj9qsukQzDzHDVqn2Hjj,47
Pettinellis,Un Hombre Muerto En El Ring,Pettinellis,2019,3WF8Wr1awSLSLQVuUEKWL4,52
Evdeki Saat,Uzunlar - V1,Uzunlar,2020,1vLkBVAy8ZWrqcQjYTPP3a,62
Creep Hyp,栞,泣きたくなるほど嬉しい日々に,2018,2Bsg6EfrmEx0x0eC8v4vuG,60
Nívea Soares,Caminho no Deserto,Caminho no Deserto,2020,2sKdvtNeQ3D2Lt6ZCHNNSa,63
Robbie Williams,Santa Baby (feat. Helene Fischer),Santa Baby (feat. Helene Fischer),2019,6fXvtcisMGjtTgwj7dcLgt,63
OFFICIAL HIGE DANDISM,I Love...,Editorial,2021,2hwcYq85TVuj6GhBBTuWdg,47
Fernandinho,Deus Não Está Morto,Deus Não Está Morto,2018,2wRotarVdI0MtxnC1wrvja,58
Diablos Negros,Quien Sos,Tierra Suelta,2018,7ubLgCzrubkATN9t9IbpIv,39
Cruzando El Charco,Para mucho mas,Cicatrices,2022,5WuyB818ej3lUHS8tAQWin,46
back number,HAPPY BIRTHDAY,MAGIC,2019,4FMz2RFrbDGzJO7K4D0vS3,71
Нумер 482,"Добрий ранок, Україно",ДРУ,2018,5YZNLIF1saO6y3T8FaQoom,44
10-FEET,第ゼロ感,第ゼロ感,2022,3GGOKTfxgyluPvAFnB30zE,57
Cruzando El Charco,Puede Ser,Lo Que Somos,2019,55yRCt1tTtav2C5FQMbcMd,46
Old Mervs,Wait Around,Wait Around,2021,5enjdapxFhZREehg25dZOz,50
Highly Suspect,16,MCID,2019,7jHJ2MzIKO1kIMxGamKRKn,54
Svyatoslav Vakarchuk,Оберіг,Оранжерея,2021,6qu0CoNcHu63FuiQyk87vA,41
Macaroni Empitsu,なんでもないよ、,ハッピーエンドへの期待は,2022,5W7Y92LB4jWvu9NeEQ0GZl,65
The Rolling Stones,Start Me Up - Remastered 2009,Honk (Deluxe),2019,7CYSvrgGAee411gyGZ29PA,35
Jon Pardi,Ain't Always The Cowboy,Heartache Medication,2019,77XoAnllT85lmR9WP0D8dS,63
Macha Y El Bloque Depresivo,Lo Que No Fue No Será,Macha y el Bloque Depresivo,2018,1IopvzCWbTkm5t4gmhwb6H,50
Subcarpaţi,Colind,Colind,2019,5SVnHr2m1WbF62aRJPxBeh,38
Armandinho,Amor Vem Cá,Amor Vem Cá,2019,2nxGSc5GlChwA3DSWNO61P,56
SE SO NEON,Winter,Nonadaptation,2020,3tqUaq6JjHcN34WZb70FyY,49
Nerd Connection,‎Good Night Good Dream,‎Good Night Good Dream,2020,3s761CQaziQ0GEN1yUkIsG,51
Robbie Williams,Christmas (Baby Please Come Home) (feat. Bryan Adams),The Christmas Present (Deluxe),2020,2TLbmWYZIUyaRT4vwr1tiH,43
Les Cowboys Fringants,L'Amérique pleure,Les antipodes,2019,0GODLE3kvy2viqoL9uEfFv,55
Ruth Koleva,This Christmas,This Christmas,2022,3uDtH8tLoJI9vjPmRhEH0l,44
Khrystyna Soloviy,Fortepiano,Любий друг,2018,5QE1XNQTGwFuCF7bxhwdRo,47
OFFICIAL HIGE DANDISM,Yesterday,Traveler,2019,1kMlcLyljkrShV0LSdSGBz,49
Odyn v Kanoe,У мене немає дому,Один в каное,2021,4GC6tlXcAsyp4pNrlyo1pb,41
Sena Şener,Sevmemeliyiz,İnsan Gelir İnsan Geçer,2018,7sNgPpXH3mDpC12yRUqEtz,62
Subcarpaţi,'84-'85,Zori Și Asfințit,2018,34aOXibpuqtFkPWgidNugF,39
Дайте танк (!),Я,На вырост,2018,3tbt9FvJvu4iEztIoTFZui,49
Pornofilmy,Это пройдёт,Это пройдёт,2020,0EgL7imlgj3T3dJsrjGDxc,45
The Mary Wallopers,As I Roved Out,A Mouthful of The Mary Wallopers,2019,4kpUIUu5p8yt6U59b5dDtF,43
Pacific Avenue,Something Good,Strawberry Skies,2019,3RVHBnqnc7qxDv7aftHQ7R,51
Son Mieux,Multicolor,Multicolor,2022,2ExdbieQffMXpY7ygN2YN9,54
Дайте танк (!),Вы,На вырост,2018,1vQRta0wrnO3p0LxZP3dtU,48
Macaroni Empitsu,星が泳ぐ,星が泳ぐ,2022,0MnPdlWm7MSSUnEamZp5lX,49
Peter Fox,Zukunft Pink (feat. Inéz),Zukunft Pink (feat. Inéz),2022,4YxZQd3I4rj1nqkXgvpCk4,60
Macha Y El Bloque Depresivo,Trátame Suavemente,Sesiones la Habana,2022,1z8UiCuJbA858bBZktBjZD,48
Mavi Gri,Altüst Olmuşum,Altüst Olmuşum,2020,13THdxqHT11aSk3G8nUDzZ,68
Canozan,Sar Bu Şehri - Akustik,Dolunay,2018,3dnv5TWPAfRc7K2dWKTvJK,61
Airbag,Campos Elíseos,Al Parecer Todo Ha Sido una Trampa,2021,39fkbLxeDUDjZVAtxensxl,49
Mrs. GREEN APPLE,点描の唄,青と夏,2018,1sIIlVrnPhrvmTrHtzM7tV,72
A Great Big World,Wrap Me Up Under the Christmas Tree,Wrap Me Up Under the Christmas Tree,2020,2FFut5RFmOjBdeZpsA7VdY,48
Airbag,Como un Diamante,Al Parecer Todo Ha Sido una Trampa,2021,3IfVIMQMY84Hudhi7QxsCt,48
Grrrl Gang,Love Song,"Not Sad, Not Fulfilled",2018,6UvcZgXZpECpEDx0aj6Gye,56
Chef'Special,Afraid Of The Dark,Afraid Of The Dark,2021,2vSLSJH9lHKne3zUKYBVPI,50
Harvey Danger,Flagpole Sitta,Best Summer Songs: 90's,2022,3iyIyLjINbTV1Xzh8ef0sJ,44
Mumiy Troll,Лето без интернета,Лето без интернета,2019,7D5FikXERxY5GfReba3ppA,40
Pettinellis,Hospital,Pettinellis,2019,3kSQjC7wqSkwESlPAS5XJr,51
Macha Y El Bloque Depresivo,La Carretera,Macha y el Bloque Depresivo,2018,6OblMlCQkvUA8NptAn3CR5,47
Novelbright,Walking with you,SKYWALK,2018,7tGDXCPLpAScEwmqab9YZd,64
OFFICIAL HIGE DANDISM,ノーダウト,エスカパレード,2018,5DMEvbg3gUmiR5HIBWdveV,62
Sheena Ringo,獣ゆく細道,三毒史,2019,1b8tkaZy5pnsrKj5ettPPf,49
Kraftklub,Blaues Licht,KARGO,2022,1LYb6PIZO8jcGztOWI6ymM,54
Mrs. GREEN APPLE,僕のこと,Attitude,2019,0tnhoHUrHfcLi9hPknUFZ4,68
Milow,Christmas Is Finally Here,Christmas Is Finally Here,2021,1Dyo8ss9BDUQ4uw0pSvu66,52
Full Trunk,סתלבט בקיבוץ,ממותה,2022,2G1o9Mq8KpamOwJPZLuJc7,52
Diablos Negros,De Mil Maneras,De Mil Maneras,2018,0DfswShGRyGSCCW7XNlZWX,37
Kahraman Deniz,Böyle Sever,19,2018,7hU3H2id2pBVawD7e3zd8N,69
Macha Y El Bloque Depresivo,Las Simples Cosas,Sesiones la Habana,2022,4XuS94eOUFgD7n89U6YqCi,44
[Alexandros],閃光,But wait. Cats?,2022,0msE3v0pQgGttnlZjrLzWj,54
Miss Montreal,Angels In The Sky,Angels In The Sky,2020,4c6B142s4XIhbXjLSDaGew,46
Haloo Helsinki!,Reiviluola,Älä pelkää elämää,2021,1RCQAeceDgtbD7WVLWr05S,49
Okean Elzy,#Без тебе мене нема,#Без тебе мене нема,2021,0lDKGWrGcjs4c7HRyGRMIW,41
Cairokee,Samurai,Roma,2022,1EBmjew9K69csBqRxI8BeO,54
Joe Buck,The Way You Take Time,White Roses,2020,4tGFolWWUfUCQzvaNgjwbh,42
Cem Adrian,Sen Benim Şarkılarımsın,Sen Benim Şarkılarımsın,2018,5LPgor25Umb3jZgvTXvBeh,59
Moral Distraida,Canción Bonita,Qué Cosa Es el Amor,2018,2GIv98FEqrMMK2l80oUS86,47
Brantley Gilbert,Son Of The Dirty South,So Help Me God,2022,6WaPKTy7RYb21gs8PasOPL,61
Sasha Chemerov,Кохання до смерті,Кохання до смерті,2021,3SqTmjEnYNay3BnIJDXXbo,42
SUDA MASAKI,まちがいさがし,LOVE,2019,55Ww4Pa1iIQMhh0MLMetjo,61
Miguel Gameiro,O Teu Nome,Maria,2018,6z9Ajq6oe6Sck90hjpxBij,36
Miss Montreal,Door De Wind,Beste Zangers 2020 (Miss Montreal),2020,3h7NZT1CATbn4GqUs51vwf,56
Noize MC,Страна дождей,Страна дождей,2022,6RdIfGSeUtXA68K9CmTnPu,42
Antytila,Tdme,Hello,2019,2Pa6q36FP2oAM5q1hFjVSG,42
Noize MC,Вояджер-1,Вояджер-1,2020,3kHekPoBqhrtygE7wgwT2u,42
Venerus,Sei acqua (feat. Calibro 35),Magica Musica,2021,5cab2PPIUblXYqv1tptoK4,46
Babasonicos,Como Eran Las Cosas,Lo + tranquilo,2020,0iwmZVScrpLcbbfHbdJGT0,49
Leningrad,Кабриолет,Кабриолет,2019,30sp4X087cebaNgT4Zz8mc,41
Troy Kingi,All Your Ships Have Sailed,The Ghost of Freddie Cesar,2020,28u0tShjUjuAwVITa3naWA,45
Nothing But Thieves,Impossible (Orchestral Version) [Live at Abbey Road],Impossible (Orchestral Version) [Live at Abbey Road],2020,2KVMuEgVOyOkxxx0xEFNMS,48
Eagles,Please Come Home for Christmas - Single Version; 2018 Remaster,Legacy,2018,76oNvdjEIWRE7iLNYNyIrh,35
Maustetytöt,Tein kai lottorivini väärin,Kaikki tiet vievät Peltolaan,2019,35rwukSC1bcXPYRpK0THwh,38
Cairokee,Roma,Roma,2022,5GDhHuLpmneh1DCMyKMJp3,55
Awesome City Club,勿忘,Grower,2021,0XZyF9lv6diMt4bxThOL0h,55
Vivienne Mort,Час,Досвід,2018,4mVDYu5SYxeKK9BhEnlstT,45
Bayaan,Nahin Milta,4 Saal,2019,0cUdmruT6kjxa5KpteSdwc,65
José Pinhal,Tu És A Que Eu Quero - Tu Não Prendas O Cabelo,Vol. 1,2022,2TRntLXnN0hhxbe67NrbM0,41
БЕЗ ОБМЕЖЕНЬ,Зорі запалали,Мільярди,2019,5wq5KLGR8bLZ6xxyaGiiWz,37
Ministério Zoe,Até Que o Senhor Venha,Estrada da Fé,2019,4wqIhmTGkXUN0JXRSpZzWw,57
Subcarpaţi,Dă-I Foale,Zori Și Asfințit,2018,2TV4add6c6lf4zbHs0xkKq,36
Danny Gokey,Stay Strong,Jesus People,2021,5X08wv5osqvAQ1kjfZb04B,52
Patsyki Z Franeka,Марічка,Марічка,2019,2WoksKIDPQ8o90cqDbgE7L,39
Spacey Jane,Lots of Nothing,Here Comes Everybody,2022,2WtFN7eLf5gvhJNgwBvGP6,55
Dolu Kadehi Ters Tut,Gitme,Karanlık,2019,4Sng3wnol2Gb2yXgFdr9lj,67
Robbie Williams,Bad Sharon (feat. Tyson Fury),Bad Sharon (feat. Tyson Fury),2019,3eMMzVKkKE47f2RAfonhyG,47
Дайте танк (!),Три четверти,См. рис. 2,2018,0Y3VCOX34JQcm19eBheUpX,42
Luke Bryan,Knockin' Boots,Knockin' Boots,2019,6ERR6e7h6wCqGoz1TjiUJb,56
Spacey Jane,Skin,Sunlight,2020,1LdGcv246dZ321xFTrNUIe,53
Męskie Granie Orkiestra,Początek,Początek,2018,5SPO91s5J85CAxHREvwj3b,55
Chico Trujillo,Pobre Caminante,Mambo Mundial,2019,3hb9R6g12eOT05OmYuuBgH,43
ハルカミライ,世界を終わらせて,永遠の花,2019,2FZXuCw75FYVfiNHtFQON9,50
Kinokoteikoku,金木犀の夜,タイム・ラプス,2018,27udJcfu06TvbbOpgfxIlw,50
Fiolet,Кохана,Aurora,2018,6tREPILeUOgqXqfrt0useC,39
Cairokee,ليلى - كايروكي من الاستوديو,كايروكي من الاستوديو,2020,5JtRiVuQRKqoEfueP1FVvU,53
Kenny Rogers,Through The Years,The Best Of Kenny Rogers: Through The Years,2018,6Rk2hVIgI9Fh6hvZT6n0ky,56
Novastar,Cruel Heart,In The Cold Light of Monday,2018,4D7tOyEvUdzNvkDXuD0PQW,43
Kip Moore,She's Mine,Wild World,2020,6NCbMyR7A8MjbX0UhaEgbd,52
The Hardkiss,Журавлі,Залізна ластівка,2018,5k3Pm8IWVT1y6FrNOI2dqL,37
БЕЗ ОБМЕЖЕНЬ,Вільні люди,Вільні люди,2021,5d7nYLEdVEXrIvlAs5eQ0h,37
Spacey Jane,Good for You,Sunlight,2020,2Nw6tjb0euV6LApzN4fU0a,54
JANNABI,TOGETHER!,LEGEND,2019,5mrIZ0lvgFr5wnrYbzV0C1,48
The Hardkiss,Маяк,Маяк,2022,73yFhVfJGEuFbLcJlXvysO,37
Tember Blanche,Вечорниці,"Тут нема нікого, окрім нас",2021,4Nhu3g16sFqq4xMHcCHwMD,44
Ganso,Sorte a Minha,Sorte a Minha,2022,3RTcPGe3KYcyTCl3FKum34,41
Пневмослон,Ёбу дал,Запутай след,2021,5c3jKY11YG61EsFfw6ZHxN,43
Aimer,コイワズライ,Sun Dance,2019,0ZiO07cHvb675UDaKB1iix,54
JANNABI,"dreams, books, power and walls",LEGEND,2019,1deQhoZakgMT5fw0t9zliD,47
Yabai T-Shirts Yasan,ハッピーウェディング前ソング,Galaxy of the Tank-top,2018,6czikg0NNdfo119UDDP63K,47
VUNK,Pleacă,Vernisaj,2022,1s2FGj0FbRImsR6aZ9WXh6,36
Macha Y El Bloque Depresivo,Apaga la Tele,Apaga la Tele,2020,1K5GHnSKDbHeP1YIeb1Vwa,45
Lime Cordiale,Dirt Cheap,14 Steps To A Better You,2020,4ozcKJYg9jNsuBTZCD6PpA,47
Kensington,Uncharted,Time,2019,1OJcaSbK9DBaxHExACplwA,48
Lyapis Trubetskoy,Воїни світла,Воїни світла,2022,64hFcUEAhSODWUm4ZtqEaH,40
Evdeki Saat,Sustum,Huzursuzluğun Meyvesi,2022,23zRxgamz0Ur4mFDhvOmlb,51
Cem Adrian,Keskin,Keskin,2022,4cziPzONppT5Wmdsj1SVlf,52
Chico Trujillo,Que Me Coma el Tigre,Mambo Mundial,2019,3zLH78f6THIUXGKsSoRV4F,49
Macha Y El Bloque Depresivo,Vergüenza Ajena,Macha y el Bloque Depresivo,2018,5sevF68jOKSQiw18dDVOH1,44
Jason Aldean,Got What I Got,9,2019,4TCc369aRPRubv1m8R1TBG,62
Nielson,Kerstcadeau,Kerstcadeau,2022,5t24nshFUVmDJp8IYEOg14,57
Cairokee,Kan Lak Ma'aya,The Ugly Ducklings,2019,6Ggt0UQU8wbV9cq0PjzDgx,50
Kraftklub,Ein Song reicht,KARGO,2022,4IBK0s9QPphO37DPcYhsAO,51
Ocean Alley,Infinity,Lonely Diamond,2020,18OTA8Cc3tObLiSbYHUuML,48
Ocean Alley,Touch Back Down,Low Altitude Living,2022,0wXvTOI9muVbXNK7UI705l,52
Mako Road,Local Safari,Local Safari,2018,47Y6d8qGdwulERkCqRvHcM,45
Johannes Oerding,An guten Tagen,Konturen,2019,5UUtkgpCWxV9JtQP8iqOzy,51
Okean Elzy,Човен,Човен,2019,7ifcKGY2yFEy1p48Wr84uY,36
Kchiporros,Los Símbolos,Hasta Arriba,2021,0xbGlT3xNzrUmJnRzVemT6,34
конец солнечных дней,я ненавижу дрейн,как дела у твоего друга в сером городе?,2021,6LwzvtYgCHEvbAjEnEoHjK,46
Serhii Babkin,Де би я,МУЗАСФЕРА,2018,2AG70dg0HRSw7BAE8U36Cu,38
БЕЗ ОБМЕЖЕНЬ,Весь світ,Мільярди,2019,31zZ2jizhoqRMOs75ZOhom,35
Yüzyüzeyken Konuşuruz,Sen Varsın Diye,Sen Varsın Diye,2021,3b8UW227uLkRDvd0w9e1Sw,61
Екатерина Яшникова,Я останусь одна,10 кошек,2019,4xeF6fIom1jiaBgUI6LeMZ,43
Massar Egbari,Raghm El Masafa,Raghm El Masafa,2020,2pL1V75Sv9ZUTJuWrRcu0v,49
Adamlar,Zombi,Dünya Günlükleri,2019,5gUaqAYNgO2yclwM5seMFm,62
Zhadan i Sobaky,Мальви,Мадонна,2019,0kyoq3DD2krKnP6oEMD7Ms,42
Los Enanitos Verdes,Tu Carcel - En Vivo,Rock Argento,2020,5B3O540sH6u6mf61HWrNzQ,58
Pinhani,İyi Değilim Ben,Yollar Bizi Bekler,2019,0oBalJ5jFhVAPqfIqHJSDm,52
Sufle,Hiç Kimsenin Günahı Yok,Hiç Kimsenin Günahı Yok,2020,3YBIUbbamN9fz65tXN9V1C,61
Nielson,IJskoud,Diamant,2018,2zVNIG9cfMyFxt8XqJ64s4,48
БЕЗ ОБМЕЖЕНЬ,Листопад,Буду з тобою!,2018,16uHitq9QS1S9EC8cVHoOj,34
David Fonseca,Last Christmas,Christmas Songs Vol 1,2020,7ApIrXPhwrWfQEMXZ9GjAM,41
Blackbeans,Pink,Flowers on earth,2022,2MvwYhejHpLfBcptTEWhDL,56
Kolpa,Unutmadım,Unutmadım,2019,3Gj68SIHD6OMi8xSey5g4u,51
Boombox,Твій на 100%,Таємний код Рубікон Частина 1,2019,2LUafeINA41RJjOJwLshGh,38
Cairokee,James Dean,Roma,2022,1GKqff6G0zabRInKN9Vz1S,50
Lime Cordiale,I Touch Myself - triple j Like A Version,I Touch Myself (triple j Like A Version),2019,6JxBzJfkuERbpc78hKJGNc,49
Kaan Boşnak,Benimle Kayboldun,Demos,2018,6pJI8iZBKPuMjWDstvO081,66
Maustetytöt,"Jos mulla ei ois sua, mulla ei ois mitään",Eivät enkelitkään ilman siipiä lennä,2020,4isqhUp7UWzvZ89Kr3RAs5,37
DZIDZIO,Розлук не буде,SUPER-PUPER,2018,52rByiPmZVrJE831DVQyhl,33
Khrystyna Soloviy,Стежечка,Любий друг,2018,36jTDPe2r86KKdslvcZVUv,43
Goldband,Witte Was,Dun Smeren Geld Verdienen,2019,4sIkwgf9bU7rQPvsA37rVQ,52
Tember Blanche,про Київ,про Київ,2022,65FOp8zFzwiIABbI8HGBLN,41
Sena Şener,Teni Tenime,Teni Tenime,2020,6lN8zGW83p9Ee4TJWedanB,63
Antytila,Лови момент,Hello,2019,1N1y4xlCbBMOGTW3Xlej1v,37
БЕЗ ОБМЕЖЕНЬ,Хочеш,Буду з тобою!,2018,6n9WvKKCXHqYCP92dZaI71,35
Khrystyna Soloviy,Я твоя зброя,Я твоя зброя,2022,0OXvMwQydzKQql8w39QpkP,37
Khrystyna Soloviy,Любий друг,Любий друг,2018,1UtnFzMFQrACe4ysWc0Aey,40
Zhadan i Sobaky,Веди (original motion picture soundtrack носоріг),Веди (original motion picture soundtrack носоріг),2022,5yEN3TvaSwBvIemKAf12CP,41
Santiano,Wie Zuhause (feat. Alligatoah) - MTV Unplugged / Single Edit,Wie Zuhause (MTV Unplugged),2019,1zTu8Kfi8Gk29kSbSjvSAE,52
Black Rose,Выстрел в пустоту,Выстрел в пустоту,2018,6o689wIZFfTRpexquhopXc,44
Buitres,La Primera Vez,Mecánica Popular,2019,7pqLOROlyd3YW4Gvl09HPX,32
Dolu Kadehi Ters Tut,Neyin Nesi,Neyin Nesi,2020,4BH1Z9kmxkq3U1mAYLtHPu,61
Руслан Утюг,Никогда,Никогда,2019,7GgC7Q75GhhH6a7POtWNiY,41
конец солнечных дней,разъедаешь мне нутро,как дела у твоего друга в сером городе?,2021,2ivz1n5rdjJF7LxON0NakL,44
Odyn v Kanoe,Будь мені кимось,Один в каное,2021,1bDCCgqOnu8ZY8d1MPFfup,38
Ufuk Beydemir,HİÇ,HİÇ,2021,649HL2PRjRN9V9hK60Uc4p,55
Eté & Los Problems,Al Menos para Vos,Hambre,2018,34G0AS6oboOj51Hd93r6KZ,31
The Hardkiss,Кораблі,Залізна ластівка,2018,5fPG5RZbpfIoQrEB71I2Id,36
Eté & Los Problems,Los Eucaliptos,Hambre,2018,5Idg7zkcutvpm0ZsWI6XT4,33
Kozak System,Не моя,Не моя,2018,4gVpW9eKN6dLmlapLsMaMq,36
Грязь,Расскажи мне о любви,Сундук мертвеца,2018,2gb1s7STI5dWfxc60Jluf0,45
Дайте танк (!),Шанс,Человеко-часы,2020,3hQ7DIqp7Z6mjlrYOUZlVK,40
The Unsleeping,Жити,Жити,2022,2MtQrF12P97C6Qhv6Im5Rs,42
Maustetytöt,Eivät enkelitkään ilman siipiä lennä,Eivät enkelitkään ilman siipiä lennä,2020,0J30i3NsFhUoMnve9MJEYA,36
Схожа,Моменти,2022,2022,7ntn407Mq9gefC9q0ZnUp2,37
Racoon,Het Is Al Laat Toch,Spijt Is Iets Voor Later,2021,0rG3E7ZQ5zDUjrpAzKT1qB,52
Sena Şener,Ölsem,Ölsem,2019,0GaL1E14GeAnxR9sBk0cL8,55
Скрябін,Сука війна!,Сука війна!,2020,52QUZq9VftSTNDiEVIoso4,36
Emir Can İğrek,Kor,Kor,2021,0XNX9BCSWvEwsdBwUTRhMh,62
back number,瞬き,MAGIC,2019,7hIfpcdUZcyCKHYy8gp49E,64
Big Wreck,That Song,In Loving Memory Of - 20th Anniversary Special Edition,2018,2hiMLnZ2iItT3WIMxY3hAB,48
Khrystyna Soloviy,Втікала,Rosa Ventorum I,2021,3hIkFm3k66gAe1PLANAGNd,37
TRASH,終究還是因為愛,Holy Trip!,2021,53yiHIP3ptxWtT4ambRcgb,55
Son Feci Bisiklet,Uyku,Sistemik,2020,11IvpUALm0Canz1N6JBGEJ,58
DZIDZIO,Зимова казка,Зимова казка,2020,5qAeZZTnZdPHbF2KeiK64M,35
The Rions,Sadie,Sadie,2020,1m930sgHvklCOlyr469vGm,48
Madrigal,Ne Zamandır Sendeyim,Neogazino,2021,0OVHDxpCVbxobwNC4asBk1,59
SKAZZ,Mdevari,Mdevari,2021,3d9FzvkoMGNqZfGZDZgLNz,38
Les Cowboys Fringants,Sur mon épaule,Les antipodes,2019,4FZo09igw1H07NRrt35YMZ,52
The Mary Wallopers,Building Up And Tearing England Down,The Mary Wallopers,2022,66w70Vrdv0xq9T97x1wNnT,43
БЕЗ ОБМЕЖЕНЬ,Буду з тобою,Буду з тобою!,2018,0xPcdGbrkRfjnp4nML1goI,35
VovaZiLvova,Шукав тебе. Знайшов тебе,Шукав тебе. Знайшов тебе,2021,7uHFrsclJjAhONLcc8grZU,34
İkiye On Kala,Bütün İstanbul Biliyo,Bütün İstanbul Biliyo,2019,48uVgUu7IWXqBOrCqpmUmu,59
Пневмослон,Друзья,В душе не ебу,2022,7FkvHhiQAiEGL97Pu4sKUi,38
SUDA MASAKI,虹,虹,2020,7AIj86wFWqm7X1TZ2hzHwS,56
Mrs. GREEN APPLE,CHEERS,Attitude,2019,3VfcTMAgdty9VYOgeuyqiN,63
Kozak System,5 хвилин,5 хвилин,2021,7IvxxMcyH375PiQyemaKeV,34
DI-RECT,Soldier On,Soldier On,2020,5ciRElWhvA0LuG2hQi90Ie,52
[Alexandros],閃光,閃光,2021,6orDsQsMy7BaqGoRWw3fVN,51
Özdemir Erdoğan,Aç Kapıyı Gir İçeri,Düşünceli Şarkılar,2022,5C1xc5OFf5t6MkoH7rlvBc,59
Señor Loop,Signo de Agua (So Hot),La Leña Que Prende Madera,2020,0r0uSZSpIiFl1HeRrVcW7L,31
Fiolet,Тиша,Краще,2020,6rAaz6djk573aSKYpBRtlG,39
DZIDZIO,Вихідний,SUPER-PUPER,2018,6kNH5AaJkUQW2wDGIfhOjx,35
Yüzyüzeyken Konuşuruz,Son Seslenişim,Son Seslenişim,2021,1Xn2GNoMUPxjgxweGjypQ8,58
sakanaction,多分、風。,834.194,2019,3CUMIkvvarUDjD5bVIWKl8,50
Sena Şener,Bak Bana,İnsan Gelir İnsan Geçer,2018,3jJXVYy20l6cmiRoiFORY4,63
JANNABI,Good Good Night (Intro),LEGEND,2019,6qpEu4YIoPzFjhXq8WTXCC,40
WANIMA,GONG,COMINATCHA!!,2019,4TFUsim1NVJGvQjE2Ppeno,48
Kchiporros,La Semilla,El Equilibrio,2018,4fzVmLfaolqU7L6J8i8byS,32
Manuş Baba,Bu Havada Gidilmez,Ve Nazan Öncel Şarkıları,2018,6C147qkdsHtKlQHnjqVRZY,58
Пневмослон,Адовый Адок,Контрэволюция Ч.1,2018,0Ltg5M0NP79nB01DTxlpDe,38
Созвездие Отрезок,Лицо,Жиза,2022,3ZgxUYMZby5fvKhNr4Ha39,43
Rohata Zhaba,Ліхтар,Ліхтар,2022,73QHFjB5XqGzNogd5QM4HG,42
Spacey Jane,Hardlight,Here Comes Everybody,2022,14hUuDsgEshd6VjyGxk8RB,50
EURINGER,Problematic,EURINGER,2018,57HOP4VNi4D9MEPKXJbe3m,41
Boombox,Тримай мене,Таємний код Рубікон Частина 1,2019,2sJ3PlaK5yawh0NdQrygVG,37
Kaan Boşnak,Bırakma Kendini,Bırakma Kendini,2020,087cds8zjbUmokjg2jdMOp,62
Onur Can Özcan,Yaramızda Kalsın,Yaramızda Kalsın,2018,45OnzxxdG54d8Vrw9Wu1LB,64
MY FIRST STORY,I'm a mess,告白,2021,6c5GqVWU3yFDgPkgBB0MGg,57
Perdenin Ardındakiler,Beni Kendinden Kurtar,Beni Kendinden Kurtar,2019,4LW7pZxqjg9y3W1k3tHCJv,60
Męskie Granie Orkiestra,Sobie i Wam,Sobie i Wam,2019,0YzTIFEIUkZofXozAQWvGv,51
Madrigal,Geçme Artık Sokağımdan,Geçme Artık Sokağımdan,2022,2OAt5u4jbxjoOPshOSOa7g,61
Конец фильма,Юность в сапогах,"Солдаты (Из т/с ""Солдаты"")",2018,1h0Zg1UeprDRePSTu6j50S,39
Lin Pesto,Bu Partide Yalnızsın,SON,2019,2jNMF2yRaKenJ6Yn0FLMI3,52
Boombox,Твій номер,"Таємний код Рубікон, Ч. 2",2019,0eq3MkjjKnUUACKILASTQH,35
Paulo Gonzo,Não Dá,Não Dá,2022,62ms5dBnowvKf9FmCTvl6T,36
SUDA MASAKI,虹,COLLAGE,2022,7eqjbcOZTgZbV0lX2ghtfV,56
Сны Саламандры,Экзорцизм,Метаморфозы,2019,59sPfWMhT2HiEeh5d8U4in,40
Kahraman Deniz,Son Durağın,Son Durağın,2022,63PJ7AVOjL5WcaYmPxiblX,66
Danny Vera,All I Wanna Do is Make Love to You,"The New Black and White, Pt. I, II, III & IV",2020,2zz7zsdNixKsag1pLFbpaE,42
Bajm,Co mi Panie dasz,Best Of (1978- 2018),2018,45ghTMKvWtMCX9tHJCT1Zo,48
back number,水平線,水平線,2021,5m1i6hq7dmRlp3c1utE48L,59
Bersuit Vergarabat,Toco Y Me Voy,Hits para recordar,2020,7yxBDB6uzQd2taqCsldi7s,35
Boombox,Твій номер,"Таємний код Рубікон, Ч. 2",2019,0eq3MkjjKnUUACKILASTQH,35
Paulo Gonzo,Não Dá,Não Dá,2022,62ms5dBnowvKf9FmCTvl6T,36
Сны Саламандры,Экзорцизм,Метаморфозы,2019,59sPfWMhT2HiEeh5d8U4in,40
Danny Vera,All I Wanna Do is Make Love to You,"The New Black and White, Pt. I, II, III & IV",2020,2zz7zsdNixKsag1pLFbpaE,42
Kahraman Deniz,Son Durağın,Son Durağın,2022,63PJ7AVOjL5WcaYmPxiblX,66
SUDA MASAKI,虹,COLLAGE,2022,7eqjbcOZTgZbV0lX2ghtfV,56
Bajm,Co mi Panie dasz,Best Of (1978- 2018),2018,45ghTMKvWtMCX9tHJCT1Zo,48
Zwyntar,Мексиканець,Мертві голоси,2018,3wCSp8twVjqjvVUU8rT0zv,43
back number,水平線,水平線,2021,5m1i6hq7dmRlp3c1utE48L,59
Yüzyüzeyken Konuşuruz,Kazılı Kuyum,Kazılı Kuyum,2020,5DJEXxOutnFD5GEUVk88yE,60
Mrs. GREEN APPLE,春愁,"Love me, Love you",2018,5SHguvOUbyPTINNjCvRo8K,66
Bersuit Vergarabat,Toco Y Me Voy,Hits para recordar,2020,7yxBDB6uzQd2taqCsldi7s,35
Spacey Jane,Head Cold,Sunlight,2020,1gSlIfIpZAxIPpo4Uqu4DN,50
БЕЗ ОБМЕЖЕНЬ,"Мовчати - із к/ф ""Я, ""Побєда"" і Берлін""","Мовчати (із к/ф ""Я, ""Побєда"" і Берлін"")",2021,0BZzXqTVQazUUw4OuT1bEd,33
Bezegol,Maria,7Mm,2019,5VIQLo4w28digtuiWUGv92,37
JANNABI,GRIPPIN’THEGREEN,Jannabi’s small pieces ll : GRIPPIN’THEGREEN,2022,6hHjsUiAuUcTtsvDXFvPFk,41
Racoon,Tijd Verliezen,Spijt Is Iets Voor Later,2021,6tcCTgpI1JWsgReB9ttSUD,55
Madrigal,Senden Yoksun,Senden Yoksun,2022,1wkZE2BMcfLOajVp5eifgN,54
Melek Mosso,Hayatım Kaymış,Hayatım Kaymış,2021,4OER4Y89FuWMqpALKUMySl,55
Novelbright,夢花火,WONDERLAND,2020,4CqQqMqOQKuvAUDyTDRvtv,56
Epolets,Казка,Казка,2019,6pk8M3DZSO1id97CKkFMCC,40
Macaroni Empitsu,恋人ごっこ,hope,2020,2SihT7AVMiI2VtaAyVIcnO,64
DI-RECT,Soldier On,Wild Hearts,2020,5U9iJk3ONTlZCSJrokOP1i,48
Upa!,Ella Llora - Remastered,Que Nos Devuelvan La Emoción (Remastered),2020,4YdzIFRNNztAB1JF4AltPZ,44
Zhadan i Sobaky,Автозак,Автозак,2021,1GT4VFRNFDAwmbhztzKgMT,39
AWS,Viszlát Nyár,Fekete részem,2018,3o66uVdvTjFP4amNCiN9BI,36
BUMP OF CHICKEN,クロノスタシス,クロノスタシス,2022,6Pd73yNBtoVpTRM6xLwOGp,51
dity inzheneriv,Рубці,Рубці,2022,72sLzJltiRiZxLDDwgWZ7f,41
SunKissed Lola,Makalimutan Ka,Makalimutan Ka,2022,0cE7jDtSmMxAhDxKlVfWNW,52
back number,オールドファッション,MAGIC,2019,0Xn30nT5EKFPsWvpiJ2Iav,65
Karsu,Jest Oldu,Jest Oldu,2018,36od5gfj11fNcwuFKK7x4J,49
Bagossy Brothers Company,Olyan Ő,Veled Utazom,2019,0iddCWjFnIc2pENyQWIIn2,49
Silica Gel,Desert Eagle,Desert Eagle,2021,0haCeyoW7lP7PNRu3RnSZZ,41
Capitão Fausto,"Amor, a Nossa Vida",A Invenção do Dia Claro,2019,2OvPnVko8rF2BbuysXV9AX,35
Mrs. GREEN APPLE,WanteD! WanteD!,ENSEMBLE,2018,7M3TZDUNvaNBo0qtWVaZif,57
Versengold,Thekenmädchen,Nordlicht,2019,6GzBh6RACgAJuhaAybO5r1,49
Sanchez,Frenzy,"Oldies Ragga Dancehall, Vol. 2",2019,7t6wdyx7SdTV83sGfpwd9i,40
The Hardkiss,Коханці,Залізна ластівка,2018,6iOYc9pEHLwX8LiGYbD9kJ,34
DZIDZIO,Маршрутка,SUPER-PUPER,2018,3uFO5Lr8VMiHsU4YCK3mrV,33
Macaroni Empitsu,ブルーベリー・ナイツ,hope,2020,2UdvMWk0Z83lMJPbawy2Sm,62
The Cure,Boys Don't Cry,Anti-Valentine,2018,2PuTlFVuKXsKyYuWBx4Qv1,34
Ana Bacalhau,O Erro Mais Bonito,O Erro Mais Bonito,2019,0vx8OkPRCI7xT6fzagmYWy,35
The Unsleeping,Ptaha Fred,Ptaha Fred,2020,64CLNJgz3xmK7P22wWyNGx,38
Nerd Connection,Silently Completely Eternally,New Century Masterpiece Cinema,2021,2i3HoDE1ZvQ2bh2ZmgpSug,48
Handsome Poets,Make It Better (Acoustic Sessions),Acoustic Sessions 1,2018,7lerBmXSXzmCfzsKc5B0hq,46
DI-RECT,Through The Looking Glass,Through The Looking Glass,2022,7j2TJXhcE1aAzB6Evmgvm0,46
Zhadan i Sobaky,Троєщина,Мадонна,2019,6sbp5aSCiUql8TVKkZyavP,40
Піккардійська терція,Старенький трамвай,Tercia Pikardyiska,2020,1epGnVIuUyggVsODF0BgR8,33
Fara Zahar,Te iubesc,Comedie Amaruie,2020,6VjklmB346bVkOtak7tTIF,32
АСАФАТОV,Заведу Кота (наживо),Заведу Кота (наживо),2022,520Dpzz35SXyPIhxuy6jQV,39
АСАФАТОV,Люди ідуть від людей,Люди ідуть від людей,2021,7JxpoMJbyaQRNGBJ3pLchI,32
Mads Langer,Tag Mig Med - Fra julekalenderen 'Theo og Den Magiske Talisman',Tag Mig Med (Fra julekalenderen 'Theo og Den Magiske Talisman'),2018,1fhLYVIe9s7pwYHxtbdiZ1,55
Созвездие Отрезок,Самурай,Жиза,2022,7GkZmEHQQMczJdeZDOzCJI,42
Aimer,地球儀,地球儀,2021,6NffEVuGbmTvIpfSS93aMU,50
Trotsky Vengarán,No Me Digas Que No,Los Valientes,2018,3H9jUQgQiy40qyN7soB2To,30
dity inzheneriv,Прогноз,"Велкам ту Юкрейн, панк",2021,0LQ5mnxb1wzyJvdv3EeadR,39
Тінь Сонця,Козаки,На небесних конях,2020,30UylI7vtMzfH0joOQTNUu,35
Mrs. GREEN APPLE,青と夏,青と夏,2018,0a3587n25Xhw098UeEbeJq,59
Karakoram,Ye Dunya,Ye Dunya,2022,3CLlelB1UWvrGYCyvdAA4B,47
KnyaZz,Пиво-Пиво-Пиво,Домашний Альбом,2020,4ZiZhTjuPGKsFGSJ6H9YXU,41
Cairokee,Matwhashneesh,Roma,2022,0Bfr92yPEr9KocUpWP8xmh,49
Yüzyüzeyken Konuşuruz,Boş Gemiler,Boş Gemiler,2018,5xOAQ5o5mPI2FZZEOu1NZL,55
Antytila,Новорічна,Новорічна,2018,1Ecb2YSeBLdouEnLwtSWW4,33
Sasha Chemerov,Місто,Місто,2022,16LSiQMsR78GqDPas7liul,33
Grandma's Smuzi,Sonne,Sonne,2021,6zFCFJk28eVFgnjBj8Etpt,34
Mrs. GREEN APPLE,私は最強,Soranji,2022,0tJ6d01rh2gTbpFlY1mYJZ,56
Kozak System,Три слова,Три слова,2022,2jDlpBbJxSeQmW2TkIdS2f,32
АСАФАТОV,Туман,Туман,2021,4M5UpWfgGfmDjKzHQgf29d,34
Racoon,De Echte Vent,Spijt Is Iets Voor Later,2021,626ZUQrsDvWnu4vi3NoOn2,49
The Minds Of 99,Hurtige Hænder - Acoustic Version - Moyo Live P3,Hurtige Hænder (Acoustic Version - Moyo Live P3),2018,3D0VPp6nCN9dsyUjFv2BvP,52
JANNABI,I Know Where The Rainbow has Fallen,The Land of Fantasy,2021,3N0gL4EypJfzJ6txDnIrDS,40
KAFVKA,Alle hassen Nazis,Alle hassen Nazis,2018,5x5OTI0HilwE1NzGEpWe6n,50
Yüzyüzeyken Konuşuruz,Ölsem Yeridir,Ölsem Yeridir,2019,7zn6VQuPR6aCLPRcZAA89R,59
sakanaction,モス,834.194,2019,4FdpXwtpJfRltvFuTcpNL6,50
Emir Can İğrek,Nalan,Nalan,2019,3N304YQk9QuT4VY5ulXbuI,60
Tuğkan,Kusura Bakma,Kusura Bakma,2020,7ng3MkDXpSUVFQEhN6vtqG,61
Zhadan i Sobaky,Кобзон,Мадонна,2019,3YMrk25T5hZwF3BCcumAof,38
The Minds Of 99,Under Din Sne,Infinity Action,2022,3LlqJkcXMBIAE5X1uUiZUN,53
Chinaski,Milióóóny Přání,Milióóóny Přání,2018,6cHIlTBxzGoCivKNUs8fwD,56
Hitsujibungaku,1999,1999,2018,5664npiyyvli6veD4VINZ1,57
Mavi Gri,Dünyanın En Güzel Kızı,Gök Mavi Yer Gri,2022,3naYqiHrwFLitIKYHHJgvo,61
Edyta Bartosiewicz,Opowieść,Opowieść (Remastered: Berlin 2014),2018,5KFJdJkBvdBjJJXc08w11y,44
Little River Band,The Other Guy - Remastered 2022,Ultimate Hits (Remastered 2022),2022,7vbizu9RqAH0BSBKvA2e9s,49
Douwe Bob,I Do,The Shape I'm In,2018,0yjctZVyO19HA16gT0g35s,43
Onur Can Özcan,İntihaşk,Yaramızda Kalsın,2018,0SrrvZUjqo1MtUyno4gGhA,64
Sobakka,Jam,Люстра,2021,70NM4UTOdDyUj8wJ0oJJev,38
Goldband,Ik Haat Je,Betaalbare Romantiek,2021,5HFxW2R6hZE2hEc5HaWxVc,48
Racoon,Het Is Al Laat Toch,Het Is Al Laat Toch,2020,5OhjkylPjKnmR7I2gnVNwz,48
Dolu Kadehi Ters Tut,Madem,Karanlık,2019,0AHY9HLMYcbscA2s4KEiJc,62
Cem Adrian,Zincir,Zincir,2022,3TpfQ1lyEWXzE564iXs7GT,48
Курган & Agregat,Ретузіки,Зембонджу,2021,3nX4zrjgZko91g2MpLKLPu,35
Cairokee,Costarica,Roma,2022,7zE6sykTrQkXMaiZTZJSFJ,45
Созвездие Отрезок,Хот-дог,Жиза,2022,6LkhShcpNr8BJVoLfuowBV,41
Perdenin Ardındakiler,Uzaklara Savrulalım,Sanrılar,2021,0c4orZI2hBcd7VfkFB6FDI,52
Trotsky Vengarán,Acá Estoy,Los Valientes,2018,7fHJfonVfJrBQnMnKCLFo9,30
Pinhani,Bilir O Beni,Bilir O Beni,2022,0szRcHR9IsUO2Xj8uAKPM6,56
Krezip,Make it a Memory,Make it a Memory,2022,4wNyXz7XVh4CfjTgstJr7T,47
Tokyo Incidents,永遠の不在証明,永遠の不在証明,2020,7FL5iSLdKcersBgDiwijis,48
Shirebound & Busking,Waltz of Four Left Feet,"For Princesses, By Thieves (O Mga Awit ng Hiraya Para sa Guni-guning Sinta)",2019,29eiVZ3R6iJcXB01dOAl6H,56
PEOPLE 1,怪獣,PEOPLE,2021,5ECLAcvtGoWJBojHEscwop,50
